scenario_id,R,stage1_var_A,stage1_var_B,var_d_AB,var_d_BA,true_form_correction,true_practice_correction
S01,1000000,0.033678305277305275,0.03363707266872699,0.023216520077134276,0.02324604633145065,9.849999999999997e-05,-0.00010577777777777778
S02,1000000,0.03351874306036034,0.033572131725758264,0.022744109248998137,0.022728525015487975,-2.144444444444546e-05,0.028615666666666664
S03,1000000,0.04094668631199187,0.041085487602990696,0.026542642613148787,0.026568468832045996,6.486111111110929e-05,0.03293702777777778
S04,1000000,0.018597998343134147,0.018454705452779527,0.014941839402700512,0.014919062538025501,5.2972222222221615e-05,0.01912986111111111
S05,1000000,0.03356449621531104,0.03040190835399477,0.022173880703152304,0.02191150041680597,0.03676652777777778,0.027636472222222222
S06,1000000,0.0362015169646003,0.032757389676398935,0.027715953814410603,0.02753306007742736,0.03627458333333333,0.027348194444444446
S07,1000000,0.03621934834399032,0.03281474280466873,0.027771292199329237,0.027501603965724333,0.03641191666666666,0.027496638888888886
S08,1000000,0.038703429093771675,0.035100970173365234,0.032858602917982545,0.03262804432179432,0.035806500000000005,0.03597511111111111
S09,1000000,0.035565973442735786,0.0321926478952374,0.025593450457570825,0.026119863409909704,0.056856944444444446,0.047498888888888896
