VD_hat,VF_hat,VP_hat,CFP_hat,V_adj_hat,SE_adj_hat,design_id,n_stage1_per_form,n_stage2_per_order,total_response_burden,total_participants,repeated_measurement_participants,scenario_id,phase,true_change_logit,R,valid_n
0.023324768033232395,0.00034218729080715937,0.0004660292086785797,2.301633443660203e-06,0.024133731027871558,0.15363477720435248,GBM01-N1-050-N2-025,50,25,3600,150,50,S01,screen,0.0,3000,2968
0.02276280385198514,0.00033577204709575684,0.00045557974847692194,-1.26715875133151e-06,0.0235539163728211,0.15179852787163722,GBM01-N1-050-N2-025,50,25,3600,150,50,S02,screen,0.0,3000,2964
0.026342315845696997,0.00039595787638852095,0.0005290964075485484,-3.575596419842628e-07,0.02726392068826044,0.163331345767059,GBM01-N1-050-N2-025,50,25,3600,150,50,S03,screen,0.0,3000,2974
0.015012439111802792,0.00020966344202173477,0.0002995416563820871,-2.0144785896165554e-07,0.015522515822527585,0.12292795830783246,GBM01-N1-050-N2-025,50,25,3600,150,50,S04,screen,0.0,3000,2951
0.021987145486337335,0.0003245601121891746,0.00044133331384308685,1.919815770249744e-06,0.022750707369720364,0.1491731859970749,GBM01-N1-050-N2-025,50,25,3600,150,50,S05,screen,0.0,3000,2956
0.02784884793073996,0.0003911110716734279,0.000556146010116136,5.294923068325158e-07,0.02879730455617903,0.16774102184333603,GBM01-N1-050-N2-025,50,25,3600,150,50,S06,screen,0.0,3000,2968
0.027787585710687197,0.0003901783763006772,0.000554936601577341,1.7772185091915732e-06,0.028733856081993237,0.16760640085532538,GBM01-N1-050-N2-025,50,25,3600,150,50,S07,screen,0.0,3000,2957
0.03284459645954609,0.00044757815944833297,0.0006554745201329854,1.9927023517003367e-07,0.033949883978244486,0.18210684722013035,GBM01-N1-050-N2-025,50,25,3600,150,50,S08,screen,0.0,3000,2967
0.02582123795181144,0.00036871756929000035,0.0005170774202299101,-6.0889367875816965e-06,0.026706007909346685,0.16142573674749072,GBM01-N1-050-N2-025,50,25,3600,150,50,S09,screen,0.0,3000,2943
0.023361977309967853,0.00030290235545298646,0.0004665826874193042,-8.958312981023293e-07,0.024132523284388235,0.15366864931381652,GBM01-N1-075-N2-025,75,25,4500,200,50,S01,screen,0.0,3000,2961
0.02283092758338985,0.0002984959140360325,0.00045550028364131645,4.1250953691337086e-07,0.023586594247767607,0.15188934830058504,GBM01-N1-075-N2-025,75,25,4500,200,50,S02,screen,0.0,3000,2967
0.026447130098057586,0.0003526959028928344,0.0005291598484375325,9.454780466942016e-07,0.027329075218929088,0.1636587863814287,GBM01-N1-075-N2-025,75,25,4500,200,50,S03,screen,0.0,3000,2965
0.01480490225120543,0.00018250543164994397,0.00029775032439220787,-4.710512567458487e-07,0.015282982999748054,0.12200290036175117,GBM01-N1-075-N2-025,75,25,4500,200,50,S04,screen,0.0,3000,2959
0.022058349519149277,0.0002848549933171693,0.00043734005218362633,1.473656223956751e-06,0.022785332764348843,0.14920819968989113,GBM01-N1-075-N2-025,75,25,4500,200,50,S05,screen,0.0,3000,2962
0.027486623082236424,0.00033976500110273906,0.0005515476572673841,2.0074597977348837e-06,0.028375404706521945,0.16645391018269878,GBM01-N1-075-N2-025,75,25,4500,200,50,S06,screen,0.0,3000,2961
0.027541069043428325,0.0003404250885775156,0.0005522215911376305,4.4483833894244036e-06,0.02843211711510654,0.16669654754769606,GBM01-N1-075-N2-025,75,25,4500,200,50,S07,screen,0.0,3000,2967
0.03263069666889112,0.00038823119300140035,0.000656123519352686,2.764088416194146e-06,0.03367052440478757,0.18135216889605119,GBM01-N1-075-N2-025,75,25,4500,200,50,S08,screen,0.0,3000,2960
0.025806093420400206,0.000324418487966351,0.0005176570243187746,-4.870475287335676e-06,0.02664596185638909,0.1612696726603798,GBM01-N1-075-N2-025,75,25,4500,200,50,S09,screen,0.0,3000,2938
0.022623912378229003,0.00023324745808495513,0.0002843159221148509,-2.2553765326460918e-07,0.023139082010525697,0.15104536480353964,GBM01-N1-050-N2-040,50,40,4680,180,80,S02,screen,0.0,3000,2973
0.023339154426346567,0.00023824690090475453,0.0002916964693891643,-1.2368624959528002e-06,0.023869186478190002,0.15341741745249018,GBM01-N1-050-N2-040,50,40,4680,180,80,S01,screen,0.0,3000,2973
0.026560766161460605,0.0002744278507134723,0.0003317454657515422,-1.6704029981499752e-07,0.027167355555468883,0.16381618117279276,GBM01-N1-050-N2-040,50,40,4680,180,80,S03,screen,0.0,3000,2960
0.015000903002731221,0.0001474131330137621,0.00018669377591548744,-3.272951902091805e-07,0.015336316661172423,0.12277513885338019,GBM01-N1-050-N2-040,50,40,4680,180,80,S04,screen,0.0,3000,2978
0.022150473515714766,0.00022599806097905035,0.00027670323732143567,9.963359982878157e-07,0.02265337549103459,0.14946054446902132,GBM01-N1-050-N2-040,50,40,4680,180,80,S05,screen,0.0,3000,2966
0.027583875950923365,0.0002745917189782652,0.00034601582136122656,1.9110544803232026e-06,0.028202496935582022,0.166727131592001,GBM01-N1-050-N2-040,50,40,4680,180,80,S06,screen,0.0,3000,2962
0.02764813294555773,0.0002744620716775872,0.0003461314230009369,1.4027063326935824e-06,0.02826796791283145,0.16696405005556275,GBM01-N1-050-N2-040,50,40,4680,180,80,S07,screen,0.0,3000,2962
0.03298706374677148,0.0003188492127025387,0.0004104061692073124,8.896953012837882e-07,0.03371932274242707,0.18230957168746048,GBM01-N1-050-N2-040,50,40,4680,180,80,S08,screen,0.0,3000,2973
0.02586204794175972,0.0002590578518020602,0.0003232155306714018,-2.388724958003422e-06,0.026444393732321488,0.1614745513635097,GBM01-N1-050-N2-040,50,40,4680,180,80,S09,screen,0.0,3000,2953
0.023304516623215265,0.0001974794117057081,0.0002330267143819515,-1.4316327636127145e-07,0.02373505104117562,0.15321967548111037,GBM01-N1-050-N2-050,50,50,5400,200,100,S01,screen,0.0,3000,2961
0.022767697548788,0.0001933817817249495,0.00022738809429518413,1.2519286786481584e-07,0.02318892175132591,0.15142614993627637,GBM01-N1-050-N2-050,50,50,5400,200,100,S02,screen,0.0,3000,2966
0.026484408216825368,0.00022797824126452555,0.0002659193872762819,9.761014965432977e-07,0.02697647961048406,0.16339874141108557,GBM01-N1-050-N2-050,50,50,5400,200,100,S03,screen,0.0,3000,2973
0.014881761986485435,0.00012298570027670635,0.00014902127380536978,-1.0187770605557224e-07,0.015153402929160672,0.1222752141142217,GBM01-N1-050-N2-050,50,50,5400,200,100,S04,screen,0.0,3000,2972
0.022203717776657042,0.00018776930898146252,0.0002215139849017193,1.4398147255425127e-06,0.022613909297090357,0.1495534084782585,GBM01-N1-050-N2-050,50,50,5400,200,100,S05,screen,0.0,3000,2963
0.027627982377761543,0.0002279200214667057,0.0002753921772318946,-2.2332222433622413e-07,0.028132735503740448,0.1668022599090686,GBM01-N1-050-N2-050,50,50,5400,200,100,S06,screen,0.0,3000,2965
0.027356954507911216,0.0002279036288552888,0.0002749351682341786,1.2412626052278598e-06,0.02785757670513296,0.16598726640855366,GBM01-N1-050-N2-050,50,50,5400,200,100,S07,screen,0.0,3000,2969
0.03267377099963121,0.0002668059191705369,0.0003279894736860007,1.1177908168634053e-06,0.0332664651097483,0.18135627790421635,GBM01-N1-050-N2-050,50,50,5400,200,100,S08,screen,0.0,3000,2963
0.026095458692626416,0.00021681242289979495,0.0002598963965476423,-2.149040214878631e-06,0.026573938923231906,0.16208752881739905,GBM01-N1-050-N2-050,50,50,5400,200,100,S09,screen,0.0,3000,2949
0.023369862719595316,0.0002717785605778001,0.00046660443962418603,3.753679649825852e-07,0.024109258949329998,0.15353699568688986,GBM01-N1-100-N2-025,100,25,5400,250,50,S01,screen,0.0,3000,2971
0.02301623883580039,0.00026774141184694435,0.00045482817368614625,1.6725365828091697e-06,0.023744972579873076,0.15232850403571183,GBM01-N1-100-N2-025,100,25,5400,250,50,S02,screen,0.0,3000,2965
0.026573433666206958,0.00031981330512970444,0.0005334141978077974,1.5126135851845665e-06,0.027424071563040754,0.16385668099667486,GBM01-N1-100-N2-025,100,25,5400,250,50,S03,screen,0.0,3000,2972
0.014987848304720733,0.00016255015059105915,0.00029877693256294077,-1.709256387505654e-07,0.015450198128983697,0.12265767384758942,GBM01-N1-100-N2-025,100,25,5400,250,50,S04,screen,0.0,3000,2970
0.02204573619903738,0.0002578533112188103,0.00044097232607214664,-1.638296046300446e-07,0.022744524871218374,0.14909838326626101,GBM01-N1-100-N2-025,100,25,5400,250,50,S05,screen,0.0,3000,2972
0.027783093336216345,0.0003025209878451586,0.0005525375727510753,4.6183213170534583e-07,0.028641727010324858,0.167349853780772,GBM01-N1-100-N2-025,100,25,5400,250,50,S06,screen,0.0,3000,2969
0.027556205766874235,0.00030262282170174024,0.0005520520558070262,4.2826109683189753e-07,0.028409992374282603,0.1666935326622358,GBM01-N1-100-N2-025,100,25,5400,250,50,S07,screen,0.0,3000,2962
0.033058381833226784,0.00034378792852049516,0.0006588807732861756,1.8672587095942918e-06,0.03406353991068813,0.18245251608964114,GBM01-N1-100-N2-025,100,25,5400,250,50,S08,screen,0.0,3000,2974
0.025808983152193033,0.00028847043382200613,0.00051568931799796,-6.840247829096695e-07,0.026613867040279172,0.16131474202120805,GBM01-N1-100-N2-025,100,25,5400,250,50,S09,screen,0.0,3000,2925
0.023371373445469332,0.00021848051915152758,0.00029184851847909553,-5.67382990996896e-07,0.02388211632276817,0.15349139792937516,GBM01-N1-075-N2-040,75,40,5580,230,80,S01,screen,0.0,3000,2971
0.02279858000167916,0.00021491341539617105,0.0002854917523059532,-5.346355712931094e-07,0.0232981605174846,0.15153928724145999,GBM01-N1-075-N2-040,75,40,5580,230,80,S02,screen,0.0,3000,2956
0.026531744735323524,0.00025310014330734274,0.00033190854831640856,9.181170837768527e-07,0.02711630995568474,0.1635756049395842,GBM01-N1-075-N2-040,75,40,5580,230,80,S03,screen,0.0,3000,2965
0.014923901536191891,0.00013402569251618978,0.00018684780677868986,-3.759478292113326e-07,0.01524428903932401,0.12243540975051288,GBM01-N1-075-N2-040,75,40,5580,230,80,S04,screen,0.0,3000,2968
0.021937506292109034,0.00020618038136934467,0.00027457088116939285,1.5680268462303072e-06,0.02241769999740429,0.14865312226235214,GBM01-N1-075-N2-040,75,40,5580,230,80,S05,screen,0.0,3000,2962
0.02744102986994758,0.00024839425996243757,0.0003442909157130527,1.3202051446321902e-07,0.02803172872288762,0.16620949087829928,GBM01-N1-075-N2-040,75,40,5580,230,80,S06,screen,0.0,3000,2968
0.027626887831856427,0.00024924024848889284,0.0003456127938726521,1.6194283047621144e-06,0.028221366472874435,0.16682133063987958,GBM01-N1-075-N2-040,75,40,5580,230,80,S07,screen,0.0,3000,2972
0.032839223610082756,0.0002862097777056358,0.0004085292345405676,-1.2152831355105668e-06,0.03353670464325734,0.1817873127498891,GBM01-N1-075-N2-040,75,40,5580,230,80,S08,screen,0.0,3000,2959
0.026062626847144676,0.00023744145199648158,0.0003255198896309318,-2.7577698370475883e-06,0.02662606884598911,0.16202807995452123,GBM01-N1-075-N2-040,75,40,5580,230,80,S09,screen,0.0,3000,2922
0.023487069006498478,0.0001844759969936436,0.00023398814489857035,-4.494133852727285e-08,0.02390690210339813,0.15376011623377472,GBM01-N1-075-N2-050,75,50,6300,250,100,S01,screen,0.0,3000,2968
0.022789931161516914,0.0001813286402429397,0.0002288703221268298,-1.7002573142767913e-07,0.023198578267220073,0.1514600188068375,GBM01-N1-075-N2-050,75,50,6300,250,100,S02,screen,0.0,3000,2969
0.026663180019391688,0.00021347253523437812,0.00026675252254194546,-5.38636378574776e-07,0.027143177467945014,0.16390540713752433,GBM01-N1-075-N2-050,75,50,6300,250,100,S03,screen,0.0,3000,2966
0.022219490047191877,0.00017494542532331888,0.0002215335821110914,2.3027168221435537e-06,0.022616992889413063,0.14954410994144324,GBM01-N1-075-N2-050,75,50,6300,250,100,S05,screen,0.0,3000,2968
0.014992993232165968,0.00011384923674532866,0.00014937475797103335,-6.409550114459293e-08,0.01525705620517837,0.12273274851641272,GBM01-N1-075-N2-050,75,50,6300,250,100,S04,screen,0.0,3000,2961
0.027513226664330506,0.00021108801192924414,0.00027622479497439387,1.2271700164757095e-06,0.027998775389787376,0.16637245356433475,GBM01-N1-075-N2-050,75,50,6300,250,100,S06,screen,0.0,3000,2968
0.0273676892140504,0.00021035467544424028,0.0002751042572864226,7.335158651262774e-07,0.027850997516857174,0.16594302270475608,GBM01-N1-075-N2-050,75,50,6300,250,100,S07,screen,0.0,3000,2968
0.03260317451842767,0.00024308855248485856,0.00032573752289968074,2.247092017120454e-07,0.03317248190675605,0.18107945187496863,GBM01-N1-075-N2-050,75,50,6300,250,100,S08,screen,0.0,3000,2973
0.025841761748791225,0.00020012488861790464,0.00025880079116554654,-2.022186371844839e-06,0.026300117975466008,0.1612423229853729,GBM01-N1-075-N2-050,75,50,6300,250,100,S09,screen,0.0,3000,2940
0.023186447517030202,0.00020083723372547202,0.0002898204608630748,-5.630974327117409e-08,0.023677111607342087,0.15281063703657766,GBM01-N1-100-N2-040,100,40,6480,280,80,S01,screen,0.0,3000,2969
0.022886397008946027,0.0001982978397458675,0.0002843731877841355,-6.5939045750427e-08,0.023371386596466637,0.15178651853847108,GBM01-N1-100-N2-040,100,40,6480,280,80,S02,screen,0.0,3000,2975
0.026497978716864976,0.00023416601908515138,0.00033056465412737026,-1.5168588903925825e-07,0.027063578785667633,0.16342630348104278,GBM01-N1-100-N2-040,100,40,6480,280,80,S03,screen,0.0,3000,2956
0.01497301142544853,0.00012295142016891913,0.0001865548894403552,5.685430976875103e-07,0.015283305500999031,0.12265473245895778,GBM01-N1-100-N2-040,100,40,6480,280,80,S04,screen,0.0,3000,2968
0.02215876209447557,0.00019162246747991718,0.0002768653676961572,1.4937988508050073e-06,0.02262743408058487,0.14934808059330748,GBM01-N1-100-N2-040,100,40,6480,280,80,S05,screen,0.0,3000,2962
0.02753077221875042,0.00022813790957693433,0.00034538135897691093,8.387483811109466e-07,0.028102672519102617,0.16648072380187884,GBM01-N1-100-N2-040,100,40,6480,280,80,S06,screen,0.0,3000,2977
0.02764390456680211,0.00022777258039716433,0.00034469392087293734,1.2932676439083202e-06,0.028217458613765626,0.16676872191857353,GBM01-N1-100-N2-040,100,40,6480,280,80,S07,screen,0.0,3000,2978
0.032868686434935825,0.0002606221451311809,0.0004087719906840987,1.0431422552629877e-06,0.03354067309453906,0.18182909385675353,GBM01-N1-100-N2-040,100,40,6480,280,80,S08,screen,0.0,3000,2969
0.02574111216809494,0.00021639103777627679,0.00032177156152643564,-2.809818186386289e-06,0.026279306074529683,0.1610026250131656,GBM01-N1-100-N2-040,100,40,6480,280,80,S09,screen,0.0,3000,2935
0.023207986248902288,0.00013837587952807924,0.00015472329714121016,5.027292755919456e-07,0.023501090159204204,0.1527544948713892,GBM01-N1-050-N2-075,50,75,7200,250,150,S01,screen,0.0,3000,2979
0.022826769699502415,0.00013602007083907727,0.00015195934056898687,-2.7172805429144947e-07,0.02311514440055618,0.1514658053124944,GBM01-N1-050-N2-075,50,75,7200,250,150,S02,screen,0.0,3000,2971
0.02655740727834012,0.00015933151255967284,0.00017683823151177488,1.575899341412806e-07,0.02689394548373291,0.16342672872425498,GBM01-N1-050-N2-075,50,75,7200,250,150,S03,screen,0.0,3000,2973
0.014831963440538195,8.71711314722459e-05,9.931999033941693e-05,-1.2939491503203247e-08,0.01501768065861778,0.12200377470055862,GBM01-N1-050-N2-075,50,75,7200,250,150,S04,screen,0.0,3000,2957
0.022230758002851198,0.0001320374567478757,0.00014776796443151456,9.167877992076005e-07,0.022511336334490983,0.1494759851251678,GBM01-N1-050-N2-075,50,75,7200,250,150,S05,screen,0.0,3000,2971
0.027643470430994795,0.00016227391460488133,0.00018459577311104273,3.183918062324045e-07,0.027989791734079887,0.16662526381341705,GBM01-N1-050-N2-075,50,75,7200,250,150,S06,screen,0.0,3000,2964
0.027647114379624665,0.00016242801927190704,0.000184745058064674,6.719457962556035e-07,0.027993500186883062,0.16664832670020568,GBM01-N1-050-N2-075,50,75,7200,250,150,S07,screen,0.0,3000,2970
0.03269698682884919,0.00018943254162967344,0.00021824840713729603,7.051414114460651e-08,0.03310417323231288,0.18121073560149611,GBM01-N1-050-N2-075,50,75,7200,250,150,S08,screen,0.0,3000,2961
0.025836047165830385,0.00015220924066964471,0.00017213228410826417,-1.5600508144351532e-06,0.026160570578027665,0.16112664860039222,GBM01-N1-050-N2-075,50,75,7200,250,150,S09,screen,0.0,3000,2942
0.02323150000241854,0.00017143974125169054,0.0002319745669558818,2.5084044018465937e-07,0.023635451317199224,0.1529227424508557,GBM01-N1-100-N2-050,100,50,7200,300,100,S01,screen,0.0,3000,2969
0.02274436206195051,0.00016884840762908354,0.0002274508813130215,3.092279552866588e-08,0.023140692237258453,0.1512534078234813,GBM01-N1-100-N2-050,100,50,7200,300,100,S02,screen,0.0,3000,2973
0.02652466978150117,0.00019927553670878178,0.00026507400067991534,1.2640066526869214e-07,0.026989271539375147,0.16348889579058798,GBM01-N1-100-N2-050,100,50,7200,300,100,S03,screen,0.0,3000,2966
0.014907510586798784,0.00010539427682295434,0.00014901987841018478,-4.3643235170213944e-07,0.015161994566460663,0.12229329829003292,GBM01-N1-100-N2-050,100,50,7200,300,100,S04,screen,0.0,3000,2973
0.022107645257137973,0.00016363718185520627,0.00022180370184649647,1.5846343804214845e-06,0.022492034206131568,0.1491440229844233,GBM01-N1-100-N2-050,100,50,7200,300,100,S05,screen,0.0,3000,2971
0.027744001703437327,0.00019614918673724807,0.0002773575831380064,1.1444470495444996e-06,0.028217755133353905,0.16701463860722787,GBM01-N1-100-N2-050,100,50,7200,300,100,S06,screen,0.0,3000,2970
0.027771880607093635,0.0001966667352976339,0.0002777442350959477,1.8243539313640847e-06,0.028246294764931516,0.16711301458420438,GBM01-N1-100-N2-050,100,50,7200,300,100,S07,screen,0.0,3000,2964
0.03275169336990556,0.0002247556128451897,0.00032622910000207404,2.040070976419001e-06,0.033304477256680697,0.1814089760653695,GBM01-N1-100-N2-050,100,50,7200,300,100,S08,screen,0.0,3000,2964
0.025869414696914127,0.00018607910207525089,0.0002589441347346534,-8.438413284101587e-07,0.026314104166932927,0.1612954450166348,GBM01-N1-100-N2-050,100,50,7200,300,100,S09,screen,0.0,3000,2914
0.02322612705017309,0.00022632841715737703,0.0004679482627599008,2.860912895174758e-07,0.023917101378292942,0.15292684937593773,GBM01-N1-150-N2-025,150,25,7200,350,50,S01,screen,0.0,3000,2973
0.022810116148214595,0.00022252020627222676,0.0004538154432415747,1.5068623158110975e-07,0.023488663046115865,0.15155165319505168,GBM01-N1-150-N2-025,150,25,7200,350,50,S02,screen,0.0,3000,2973
0.02644711054005242,0.000265590734679852,0.000529815258355545,3.514061245342001e-07,0.02724150268073199,0.16327067475352572,GBM01-N1-150-N2-025,150,25,7200,350,50,S03,screen,0.0,3000,2969
0.015056388316365828,0.00013375918946773233,0.0003007359523660816,4.440923676017489e-07,0.015491275138904444,0.12277141299168895,GBM01-N1-150-N2-025,150,25,7200,350,50,S04,screen,0.0,3000,2965
0.0218908612016128,0.00021345203783860198,0.0004390197522542202,8.199505304123108e-07,0.022542147760668273,0.14845907968756666,GBM01-N1-150-N2-025,150,25,7200,350,50,S05,screen,0.0,3000,2967
0.02759330330404926,0.0002486605853060226,0.000556360488031067,1.6305234658400894e-06,0.028394396037663413,0.16655705107648897,GBM01-N1-150-N2-025,150,25,7200,350,50,S06,screen,0.0,3000,2982
0.027940095980421874,0.0002485972791993622,0.0005549809741722138,1.7460470114847943e-06,0.028746770537604972,0.16757998018924156,GBM01-N1-150-N2-025,150,25,7200,350,50,S07,screen,0.0,3000,2973
0.032794299139846814,0.0002777318573860416,0.0006574285325139015,2.2547921489198662e-06,0.03372798915752158,0.18155640995849934,GBM01-N1-150-N2-025,150,25,7200,350,50,S08,screen,0.0,3000,2961
0.02608040982271237,0.00023954717012688976,0.0005227552538195108,-2.7732855596273927e-06,0.026841806407829127,0.16198864862161444,GBM01-N1-150-N2-025,150,25,7200,350,50,S09,screen,0.0,3000,2905
0.023216635727215062,0.00013146485006452656,0.0001547056125018651,8.492704424874311e-08,0.023502909477885643,0.15273592740795666,GBM01-N1-075-N2-075,75,75,8100,300,150,S01,screen,0.0,3000,2967
0.02278330788450573,0.00012939263856353236,0.00015187491573282567,-2.781454201380032e-07,0.02306459305557286,0.15132743978665697,GBM01-N1-075-N2-075,75,75,8100,300,150,S02,screen,0.0,3000,2959
0.026627269817607338,0.00015187724233947146,0.00017700723174389043,1.1058035782136651e-07,0.02695706186046693,0.16366479155239072,GBM01-N1-075-N2-075,75,75,8100,300,150,S03,screen,0.0,3000,2976
0.014959064874312781,8.230105745537275e-05,9.942134986440044e-05,-2.885170672950647e-07,0.015141310344407665,0.12254015565493855,GBM01-N1-075-N2-075,75,75,8100,300,150,S04,screen,0.0,3000,2976
0.02209959922586864,0.00012532286473252468,0.00014757984786857746,6.113377338670609e-07,0.022372061117154743,0.14900140980665158,GBM01-N1-075-N2-075,75,75,8100,300,150,S05,screen,0.0,3000,2976
0.027693720611367666,0.00015295410115389045,0.00018443502076617545,8.06606505399063e-07,0.02803140697575981,0.16677144194246424,GBM01-N1-075-N2-075,75,75,8100,300,150,S06,screen,0.0,3000,2975
0.027751291150712877,0.0001532687157627151,0.000184677328750026,6.69754673414346e-07,0.028089814308834744,0.1669798208371359,GBM01-N1-075-N2-075,75,75,8100,300,150,S07,screen,0.0,3000,2959
0.03265682612041471,0.00017766556958387697,0.00021800959367776184,-5.819396210059231e-08,0.033052007246532907,0.18110569309425434,GBM01-N1-075-N2-075,75,75,8100,300,150,S08,screen,0.0,3000,2960
0.02579606501087982,0.0001442041223811055,0.00017213039693698132,-1.5866205899463391e-06,0.026112149940688247,0.16101164821686675,GBM01-N1-075-N2-075,75,75,8100,300,150,S09,screen,0.0,3000,2925
0.023210547003838265,0.0001750977190753925,0.0002914622243325947,-7.174279914058052e-07,0.02367553921961868,0.1527927334098249,GBM01-N1-150-N2-040,150,40,8280,380,80,S01,screen,0.0,3000,2958
0.023023707125496517,0.0001731123156879316,0.0002855019178855135,-4.00212374876604e-08,0.023485039873814267,0.1521767142979072,GBM01-N1-150-N2-040,150,40,8280,380,80,S02,screen,0.0,3000,2965
0.026732825965503394,0.00020558743459847602,0.00033283276122620737,-3.0589060191312005e-07,0.027272786242636134,0.16408135851198885,GBM01-N1-150-N2-040,150,40,8280,380,80,S03,screen,0.0,3000,2973
0.014931751508868312,0.000105398431291505,0.00018716621833254324,3.8059322122952823e-07,0.015223754497095955,0.1223297076254351,GBM01-N1-150-N2-040,150,40,8280,380,80,S04,screen,0.0,3000,2967
0.022127746430041683,0.0001660484547301358,0.0002758750803995653,-9.018603769296689e-08,0.02257049836901861,0.14920438415841059,GBM01-N1-150-N2-040,150,40,8280,380,80,S05,screen,0.0,3000,2982
0.027662079466321654,0.00019602454466695714,0.0003466080457990919,1.9566628344859635e-06,0.02820371216139187,0.16669560616821616,GBM01-N1-150-N2-040,150,40,8280,380,80,S06,screen,0.0,3000,2961
0.027453740779256636,0.00019525156751613865,0.0003445064129637258,1.6171580254772243e-06,0.027991761322402282,0.1660514663944811,GBM01-N1-150-N2-040,150,40,8280,380,80,S07,screen,0.0,3000,2967
0.032858221458519174,0.00022128840880696982,0.0004094434520732596,2.665454894473473e-06,0.03349043826887947,0.18163123732821107,GBM01-N1-150-N2-040,150,40,8280,380,80,S08,screen,0.0,3000,2967
0.025696909384142288,0.00018649463711830694,0.00032252479017302736,-1.8520124116858244e-06,0.026204457269896793,0.16072776050678358,GBM01-N1-150-N2-040,150,40,8280,380,80,S09,screen,0.0,3000,2912
0.023306179475200084,0.0001070544874654163,0.00011656422155468996,-3.53228968809684e-08,0.02352973691022243,0.15295480144998974,GBM01-N1-050-N2-100,50,100,9000,300,200,S01,screen,0.0,3000,2958
0.022744685576149667,0.0001048220068329545,0.00011393236926024702,-8.956453651902177e-09,0.022963053142442277,0.15111821874453282,GBM01-N1-050-N2-100,50,100,9000,300,200,S02,screen,0.0,3000,2982
0.026723796687022325,0.00012302080906539484,0.00013318791897232927,1.8505648591412688e-07,0.026980793944935612,0.16382371274980226,GBM01-N1-050-N2-100,50,100,9000,300,200,S03,screen,0.0,3000,2961
0.01492774585267179,6.7553955644893e-05,7.464718612313641e-05,4.3694571086963725e-09,0.015069935131137293,0.12233744855757875,GBM01-N1-050-N2-100,50,100,9000,300,200,S04,screen,0.0,3000,2963
0.02211139678746305,0.0001015587952889911,0.00011059729374631509,5.985891030002854e-07,0.022323475915073724,0.14898358009072107,GBM01-N1-050-N2-100,50,100,9000,300,200,S05,screen,0.0,3000,2969
0.027577008817069235,0.00012512651128573292,0.00013799131185863637,4.670157201835601e-07,0.027839929191599826,0.16636491405317416,GBM01-N1-050-N2-100,50,100,9000,300,200,S06,screen,0.0,3000,2967
0.02759157059091257,0.00012506239362940417,0.0001379331938802704,8.523256154014734e-07,0.027854605240619466,0.16641648097117873,GBM01-N1-050-N2-100,50,100,9000,300,200,S07,screen,0.0,3000,2955
0.03293848883841893,0.00014742063285463734,0.0001642973693187308,6.861298226015039e-07,0.033250917113861536,0.18182249246070112,GBM01-N1-050-N2-100,50,100,9000,300,200,S08,screen,0.0,3000,2967
0.025967433909519385,0.00011821563194213543,0.00012986025446249421,-1.1073644169518159e-06,0.026215475392996256,0.1614553319660795,GBM01-N1-050-N2-100,50,100,9000,300,200,S09,screen,0.0,3000,2936
0.023290485575579698,0.00012567751871357135,0.00015530294587340855,4.267269283634504e-07,0.02357140534168844,0.1529768392291384,GBM01-N1-100-N2-075,100,75,9000,350,150,S01,screen,0.0,3000,2969
0.02286899229074952,0.00012359889097016664,0.00015205623868640581,-1.0888588142260626e-07,0.023145276701459213,0.1515528359936755,GBM01-N1-100-N2-075,100,75,9000,350,150,S02,screen,0.0,3000,2963
0.02654724140639634,0.00014491492571337147,0.00017661818113913402,2.2683846304407538e-07,0.026869387506397058,0.16337512548285776,GBM01-N1-100-N2-075,100,75,9000,350,150,S03,screen,0.0,3000,2982
0.014877185453317138,7.811415030797187e-05,9.957447283921904e-05,6.88684052532765e-08,0.015054284728617121,0.12216974309844818,GBM01-N1-100-N2-075,100,75,9000,350,150,S04,screen,0.0,3000,2970
0.02194144380906403,0.00011887887966305675,0.00014666598036682836,8.730631934358066e-07,0.022206349140399716,0.1484883288740015,GBM01-N1-100-N2-075,100,75,9000,350,150,S05,screen,0.0,3000,2983
0.02762123881859885,0.00014495307248928516,0.0001842740041325059,4.5238057621111783e-07,0.027950240419699884,0.16653381330019967,GBM01-N1-100-N2-075,100,75,9000,350,150,S06,screen,0.0,3000,2963
0.027635938022525352,0.000144744130872467,0.00018411001598257567,5.210815504511257e-07,0.027964981779650535,0.166596939815288,GBM01-N1-100-N2-075,100,75,9000,350,150,S07,screen,0.0,3000,2969
0.032720627935512635,0.00016781399554774895,0.0002184616744627227,1.08217266784667e-06,0.03310642971363638,0.18125437179588288,GBM01-N1-100-N2-075,100,75,9000,350,150,S08,screen,0.0,3000,2968
0.025847930172879903,0.0001369803255859211,0.00017245473411147446,-1.0277048046903378e-06,0.02615713391975076,0.1611083200177218,GBM01-N1-100-N2-075,100,75,9000,350,150,S09,screen,0.0,3000,2929
0.023175560220463232,0.00015219745699460445,0.0002329166421134021,-6.620796678395697e-07,0.023559159934921536,0.15263228955284322,GBM01-N1-150-N2-050,150,50,9000,400,100,S01,screen,0.0,3000,2963
0.022782548216967593,0.00014971873920925592,0.00022711300194591753,-4.2723779691596566e-07,0.02316029854916209,0.1513585327386419,GBM01-N1-150-N2-050,150,50,9000,400,100,S02,screen,0.0,3000,2964
0.026519932366305402,0.0001775407072443785,0.00026532259561977195,5.006405375406745e-07,0.026962555335445035,0.1633368266899546,GBM01-N1-150-N2-050,150,50,9000,400,100,S03,screen,0.0,3000,2958
0.014965573946913292,9.23854650886861e-05,0.00014945558179991643,5.302996315561629e-07,0.015207687997874695,0.12251468582518159,GBM01-N1-150-N2-050,150,50,9000,400,100,S04,screen,0.0,3000,2978
0.022069670538669303,0.00014431918474098424,0.00022053718199666655,1.2736181345740521e-06,0.022434631659016924,0.14891522041670407,GBM01-N1-150-N2-050,150,50,9000,400,100,S05,screen,0.0,3000,2973
0.027600376705713373,0.00017176222853495794,0.00027728992323684554,2.128790738701013e-07,0.028047759049429355,0.16650648914513466,GBM01-N1-150-N2-050,150,50,9000,400,100,S06,screen,0.0,3000,2966
0.027746856780696424,0.00017135542122904184,0.0002760571604395708,5.333394951353981e-07,0.02819602293068738,0.1669616843326889,GBM01-N1-150-N2-050,150,50,9000,400,100,S07,screen,0.0,3000,2972
0.03272741397344572,0.00019500781942457138,0.00032691694597779253,4.832521964716865e-07,0.03324973556522096,0.18127778599793543,GBM01-N1-150-N2-050,150,50,9000,400,100,S08,screen,0.0,3000,2970
0.025810524156078016,0.0001632142168081215,0.00025814159373449433,-1.5551660726032064e-06,0.02623180328531305,0.16103429192594385,GBM01-N1-150-N2-050,150,50,9000,400,100,S09,screen,0.0,3000,2903
0.023438658577687895,0.00019327218821429016,0.0004678021334820196,1.0091881983168411e-06,0.02410006710574427,0.15349652298419292,GBM01-N1-200-N2-025,200,25,9000,450,50,S01,screen,0.0,3000,2967
0.02290837790106796,0.00019101296496711618,0.0004564177190761011,7.502699783972323e-07,0.023557306602983063,0.15178901177521503,GBM01-N1-200-N2-025,200,25,9000,450,50,S02,screen,0.0,3000,2964
0.014973568758689009,0.00011313807407645149,0.000300366742144857,-3.2071087958661333e-07,0.015386156734831187,0.12229610437502952,GBM01-N1-200-N2-025,200,25,9000,450,50,S04,screen,0.0,3000,2966
0.026735192471842275,0.00022954750104804602,0.0005349579455790811,-2.2240157046526203e-06,0.027499701619781745,0.16414675250473684,GBM01-N1-200-N2-025,200,25,9000,450,50,S03,screen,0.0,3000,2965
0.021971855038727464,0.00018305821649361865,0.00044093119119868084,6.769323204129411e-07,0.02259452790374021,0.1486384139148988,GBM01-N1-200-N2-025,200,25,9000,450,50,S05,screen,0.0,3000,2970
0.027708677893048664,0.00020988506801723062,0.0005525411104985605,2.901822291099807e-06,0.028472279921195307,0.16684509712806858,GBM01-N1-200-N2-025,200,25,9000,450,50,S06,screen,0.0,3000,2956
0.02776110951606214,0.000210131314481762,0.0005563151802890783,1.2341395976544769e-06,0.028526495328730434,0.1669416445234105,GBM01-N1-200-N2-025,200,25,9000,450,50,S07,screen,0.0,3000,2967
0.03287426352715841,0.00023413435360339544,0.0006607372709040312,-6.21383796369717e-07,0.0337667683419134,0.18163344342287752,GBM01-N1-200-N2-025,200,25,9000,450,50,S08,screen,0.0,3000,2965
0.025918018832679534,0.00020182944274589032,0.0005169150944464257,-2.2049035365733714e-06,0.026637403029720338,0.1612592233825392,GBM01-N1-200-N2-025,200,25,9000,450,50,S09,screen,0.0,3000,2908
0.023214136487311143,0.00010244767360409807,0.00011590230837958905,1.9027895165405278e-07,0.023432783292083644,0.15264907834574795,GBM01-N1-075-N2-100,75,100,9900,350,200,S01,screen,0.0,3000,2969
0.022772828870783895,0.00010067126281974841,0.00011367144132289255,-3.2314200994610933e-07,0.02298751869811706,0.15119970942024433,GBM01-N1-075-N2-100,75,100,9900,350,200,S02,screen,0.0,3000,2963
0.02652790863268035,0.00011827724980492384,0.0001328516458697272,8.725495701360975e-08,0.026778656560071272,0.1632108939044761,GBM01-N1-075-N2-100,75,100,9900,350,200,S03,screen,0.0,3000,2965
0.014956696112074348,6.475788110386014e-05,7.487363410206557e-05,-1.6622839641900095e-07,0.015096182773036322,0.1224538225667456,GBM01-N1-075-N2-100,75,100,9900,350,200,S04,screen,0.0,3000,2966
0.022117501401334998,9.762566040098734e-05,0.00011058177892586354,6.638731825252115e-07,0.02232574184269429,0.1490067852900028,GBM01-N1-075-N2-100,75,100,9900,350,200,S05,screen,0.0,3000,2954
0.027764503901687793,0.00011983166165904863,0.00013821927023830835,5.820637160687041e-07,0.02802359997299585,0.16693060912775484,GBM01-N1-075-N2-100,75,100,9900,350,200,S06,screen,0.0,3000,2976
0.027593860093049788,0.00011987374370381496,0.00013830272213220964,4.2738796724630384e-07,0.02785145491525807,0.16642373014970155,GBM01-N1-075-N2-100,75,100,9900,350,200,S07,screen,0.0,3000,2971
0.032751929216898554,0.00014011102045768492,0.0001638824284270517,7.546353449455796e-07,0.03305571043397907,0.18129133116394316,GBM01-N1-075-N2-100,75,100,9900,350,200,S08,screen,0.0,3000,2972
0.025804301205716203,0.0001124709454042897,0.00012889457657132397,-9.564971178468927e-07,0.026045888723264656,0.1609276533542126,GBM01-N1-075-N2-100,75,100,9900,350,200,S09,screen,0.0,3000,2908
0.02321149596098156,0.0001543752571768463,0.0002900823509909158,3.9155813175018986e-07,0.023655856677906387,0.15269365635475848,GBM01-N1-200-N2-040,200,40,10080,480,80,S01,screen,0.0,3000,2970
0.022763103704878107,0.00015286799324802804,0.00028436910377987995,-6.588468179053949e-07,0.023200487501232436,0.1512627103950703,GBM01-N1-200-N2-040,200,40,10080,480,80,S02,screen,0.0,3000,2965
0.026650529907687775,0.00018259110713807734,0.0003329871972339795,-5.313252832413261e-07,0.02716616413431094,0.16375919283042978,GBM01-N1-200-N2-040,200,40,10080,480,80,S03,screen,0.0,3000,2961
0.01498405754709931,9.219177738040211e-05,0.0001868007303102194,2.1344932546492e-07,0.01526343569520545,0.12249931410035467,GBM01-N1-200-N2-040,200,40,10080,480,80,S04,screen,0.0,3000,2961
0.022014676412278607,0.00014687798193179036,0.00027556703450554995,1.2470616038315615e-06,0.02243685166824492,0.14878031173077802,GBM01-N1-200-N2-040,200,40,10080,480,80,S05,screen,0.0,3000,2968
0.0274865294722248,0.00017127304494196852,0.00034533179112167787,2.6862688942992246e-07,0.028001471637068776,0.1661903187318934,GBM01-N1-200-N2-040,200,40,10080,480,80,S06,screen,0.0,3000,2973
0.02764657728505354,0.00017143394406960434,0.00034667132035593194,6.777600112473458e-07,0.028163831625196863,0.16667963438164818,GBM01-N1-200-N2-040,200,40,10080,480,80,S07,screen,0.0,3000,2962
0.03264260244562083,0.00019237296821452747,0.0004092596330155078,9.99898271411702e-07,0.0332429099466241,0.18103797797582966,GBM01-N1-200-N2-040,200,40,10080,480,80,S08,screen,0.0,3000,2967
0.025811369540775668,0.00016459637662805118,0.0003250945872698147,-6.03712020377499e-07,0.026298517898927794,0.16099579675046083,GBM01-N1-200-N2-040,200,40,10080,480,80,S09,screen,0.0,3000,2900
0.02319242599298523,9.875056147915091e-05,0.0001161354862018177,-1.4056265781856937e-07,0.02340701563160232,0.15257472780970519,GBM01-N1-100-N2-100,100,100,10800,400,200,S01,screen,0.0,3000,2967
0.022754071550586227,9.70261020893719e-05,0.00011373355531287048,1.2847862520292327e-07,0.022964896460683462,0.15112519612621653,GBM01-N1-100-N2-100,100,100,10800,400,200,S02,screen,0.0,3000,2968
0.026563577259392523,0.00011429060394371088,0.00013314679290663475,-2.254732650634528e-07,0.026810438947225394,0.1633038128300368,GBM01-N1-100-N2-100,100,100,10800,400,200,S03,screen,0.0,3000,2972
0.014962767345402172,6.204091370043924e-05,7.487275891779627e-05,-1.0072835079554909e-07,0.015099590904896145,0.12249275147293671,GBM01-N1-100-N2-100,100,100,10800,400,200,S04,screen,0.0,3000,2964
0.022075217779737467,9.383109557964023e-05,0.00011032452954924957,4.42908904800204e-07,0.022279460669615815,0.14883477990690017,GBM01-N1-100-N2-100,100,100,10800,400,200,S05,screen,0.0,3000,2973
0.02769253843262514,0.00011479811529917019,0.0001382668517320976,4.200698111923207e-07,0.027945933582913134,0.16670763972498034,GBM01-N1-100-N2-100,100,100,10800,400,200,S06,screen,0.0,3000,2973
0.0275986664099752,0.00011461691283199341,0.00013796401498145496,2.7528694449004266e-07,0.027851298826764,0.16641118834890192,GBM01-N1-100-N2-100,100,100,10800,400,200,S07,screen,0.0,3000,2979
0.032784459779111784,0.00013354226148078522,0.00016362160621217304,2.8710974458389534e-07,0.03308213329073181,0.18136248476637798,GBM01-N1-100-N2-100,100,100,10800,400,200,S08,screen,0.0,3000,2971
0.025854010845885893,0.00010796673374690335,0.00012898354063950148,-6.880436133477559e-07,0.026091444843375736,0.16107624105928584,GBM01-N1-100-N2-100,100,100,10800,400,200,S09,screen,0.0,3000,2906
0.023410868826784743,0.0001149922074945759,0.00015549144740335932,2.2104119331319124e-07,0.023682210428035987,0.15332961264077355,GBM01-N1-150-N2-075,150,75,10800,450,150,S01,screen,0.0,3000,2960
0.022745503660404433,0.00011267958459990461,0.0001514331076850542,1.892805783853538e-08,0.023009895985224207,0.15109606535429074,GBM01-N1-150-N2-075,150,75,10800,450,150,S02,screen,0.0,3000,2973
0.02666362326014213,0.00013364629846766913,0.0001776715583215196,-3.560621410925141e-08,0.02697508200120074,0.16368677369562531,GBM01-N1-150-N2-075,150,75,10800,450,150,S03,screen,0.0,3000,2962
0.014947331762720987,7.060955304804543e-05,9.964073736332172e-05,1.0479506725761126e-08,0.015117583438740343,0.12240330930478653,GBM01-N1-150-N2-075,150,75,10800,450,150,S04,screen,0.0,3000,2966
0.022052598394189982,0.00010895589250551114,0.0001473220304889474,5.108885617782168e-07,0.022308412127942052,0.14878787839350965,GBM01-N1-150-N2-075,150,75,10800,450,150,S05,screen,0.0,3000,2960
0.02770302399082613,0.00013076335651367494,0.00018398352008869778,1.0729655080727622e-07,0.02801873834007056,0.16672594975669477,GBM01-N1-150-N2-075,150,75,10800,450,150,S06,screen,0.0,3000,2965
0.027728118761250614,0.00013099544029179647,0.00018443546399420335,8.768932527216586e-07,0.02804416847992903,0.16685107196085333,GBM01-N1-150-N2-075,150,75,10800,450,150,S07,screen,0.0,3000,2978
0.03276690747107273,0.00015039457322736898,0.00021803501916396888,5.349170462982892e-07,0.033135885557039876,0.18132982862775843,GBM01-N1-150-N2-075,150,75,10800,450,150,S08,screen,0.0,3000,2969
0.02581120622100766,0.00012424238901196044,0.00017275452405715748,-1.3631494509408767e-06,0.02610720341880379,0.1609480707739731,GBM01-N1-150-N2-075,150,75,10800,450,150,S09,screen,0.0,3000,2893
0.02334549036652947,0.00013687961178209307,0.00023323452371392625,-1.8080333312547782e-07,0.023715898456732082,0.15318467806381042,GBM01-N1-200-N2-050,200,50,10800,500,100,S01,screen,0.0,3000,2965
0.0226807442126158,0.0001347603387690357,0.00022696752236429435,1.878825980923761e-08,0.023042210107961154,0.1509650784261008,GBM01-N1-200-N2-050,200,50,10800,500,100,S02,screen,0.0,3000,2971
0.026649713515830856,0.0001605523419601833,0.00026647421481944494,-3.9495394527156e-07,0.027076804353183933,0.16372047450067637,GBM01-N1-200-N2-050,200,50,10800,500,100,S03,screen,0.0,3000,2982
0.014782388502496632,8.181186662586441e-05,0.0001489462062086308,-9.712876972231313e-08,0.015011911043603802,0.12168689638552058,GBM01-N1-200-N2-050,200,50,10800,500,100,S04,screen,0.0,3000,2977
0.022052546705337833,0.00012946993348503458,0.00021996635177674078,7.675775912553505e-07,0.022402615077616945,0.1488376831997276,GBM01-N1-200-N2-050,200,50,10800,500,100,S05,screen,0.0,3000,2972
0.02763496478807292,0.00015230598545352316,0.0002761176595066525,5.20701270517597e-07,0.028063665378838903,0.1665729747438961,GBM01-N1-200-N2-050,200,50,10800,500,100,S06,screen,0.0,3000,2973
0.02765848257644437,0.00015246766785332046,0.00027675650190967194,1.107136743250833e-06,0.02808748267929433,0.1666185778660016,GBM01-N1-200-N2-050,200,50,10800,500,100,S07,screen,0.0,3000,2969
0.03273119874452503,0.00017204605399395492,0.0003266476371665134,5.816619169732608e-07,0.033230561426198645,0.18123871925145119,GBM01-N1-200-N2-050,200,50,10800,500,100,S08,screen,0.0,3000,2973
0.0258175276186763,0.00014570108968752065,0.0002585724912913452,-2.0666994040862496e-06,0.026221318096046307,0.16100490006346224,GBM01-N1-200-N2-050,200,50,10800,500,100,S09,screen,0.0,3000,2877
0.023331425502819705,7.319657869708948e-05,7.751177661783072e-05,-8.645664809384155e-08,0.023482625558553308,0.15296247022916823,GBM01-N1-050-N2-150,50,150,12600,400,300,S01,screen,0.0,3000,2968
0.022837119517490276,7.18761970802808e-05,7.601883951293159e-05,7.940139960035991e-08,0.0229852144996399,0.15133805322155197,GBM01-N1-050-N2-150,50,150,12600,400,300,S02,screen,0.0,3000,2964
0.02660070266491584,8.390956780061974e-05,8.852773185398926e-05,-8.841843231000427e-08,0.026773409481403537,0.1633508832689408,GBM01-N1-050-N2-150,50,150,12600,400,300,S03,screen,0.0,3000,2967
0.014958353358015888,4.660438739176837e-05,4.986083374698995e-05,8.780231772603855e-08,0.015054819270863898,0.12242424179717239,GBM01-N1-050-N2-150,50,150,12600,400,300,S04,screen,0.0,3000,2969
0.022036503867218414,6.939921833389695e-05,7.347818885513433e-05,3.719310179923528e-07,0.022179339749848894,0.14866133227800757,GBM01-N1-050-N2-150,50,150,12600,400,300,S05,screen,0.0,3000,2969
0.02769320724864673,8.643775510956776e-05,9.23775306562488e-05,4.274317125261886e-07,0.027871898928196703,0.16663138727059865,GBM01-N1-050-N2-150,50,150,12600,400,300,S06,screen,0.0,3000,2968
0.027647990637943796,8.620374540116695e-05,9.211769518347415e-05,2.5199743157759905e-07,0.02782639141867637,0.16648262079143678,GBM01-N1-050-N2-150,50,150,12600,400,300,S07,screen,0.0,3000,2961
0.03282121835668629,0.00010164483115930855,0.00010938357509883735,2.3701296752336632e-07,0.03303228687317524,0.18142135782661384,GBM01-N1-050-N2-150,50,150,12600,400,300,S08,screen,0.0,3000,2960
0.0258392036798202,8.098322754705185e-05,8.62581193135e-05,-8.043309520780163e-07,0.026006205580161368,0.16095357366568583,GBM01-N1-050-N2-150,50,150,12600,400,300,S09,screen,0.0,3000,2939
0.02327621522327757,9.21156417281477e-05,0.00011643625446489864,-1.4985693718372812e-07,0.023484681499006024,0.15283140882063548,GBM01-N1-150-N2-100,150,100,12600,500,200,S01,screen,0.0,3000,2971
0.022667761954639834,9.049290809160137e-05,0.00011379294427672262,4.6724346626373976e-08,0.022871328597027497,0.15082250232690916,GBM01-N1-150-N2-100,150,100,12600,500,200,S02,screen,0.0,3000,2967
0.026574217195763295,0.00010657128454707836,0.00013279631355910313,-1.7978760914448887e-07,0.02681371086915039,0.16334499435346073,GBM01-N1-150-N2-100,150,100,12600,500,200,S03,screen,0.0,3000,2969
0.014932984730405253,5.707157171980481e-05,7.457752713990612e-05,-4.258530486146502e-08,0.015064765259189962,0.12233028158560322,GBM01-N1-150-N2-100,150,100,12600,500,200,S04,screen,0.0,3000,2965
0.02212691237229679,8.755645127143899e-05,0.00011055974980931912,4.552755109019625e-07,0.02232516659812648,0.14901802132513128,GBM01-N1-150-N2-100,150,100,12600,500,200,S05,screen,0.0,3000,2967
0.02760614570799756,0.00010589427193817583,0.00013817512483021744,1.6937113342469932e-07,0.027849998393544188,0.16640730065703746,GBM01-N1-150-N2-100,150,100,12600,500,200,S06,screen,0.0,3000,2960
0.027594735296054742,0.0001060101278360424,0.00013839797447904838,3.085253746675412e-07,0.027838511825515926,0.16638967564538093,GBM01-N1-150-N2-100,150,100,12600,500,200,S07,screen,0.0,3000,2967
0.03275295896849758,0.00012242960575074044,0.00016351979303107355,9.076049944789764e-07,0.03303927040582708,0.18125924367353036,GBM01-N1-150-N2-100,150,100,12600,500,200,S08,screen,0.0,3000,2973
0.02582587420898331,0.00010000175217200244,0.00012895557213500332,-9.443519197688381e-07,0.026055126017787093,0.1609695184193349,GBM01-N1-150-N2-100,150,100,12600,500,200,S09,screen,0.0,3000,2874
0.0231923779372339,0.00010549851927131347,0.00015485501713210904,-4.244685825766096e-07,0.023452395398601292,0.1525687244400955,GBM01-N1-200-N2-075,200,75,12600,550,150,S01,screen,0.0,3000,2970
0.022749859547597624,0.00010403922463302415,0.0001515381463926571,2.779886191567643e-07,0.023005600675224194,0.15111367355630279,GBM01-N1-200-N2-075,200,75,12600,550,150,S02,screen,0.0,3000,2967
0.02664685542194684,0.00012332437266798066,0.00017718482231205164,1.5184103714244393e-07,0.02694799205017702,0.163593495750203,GBM01-N1-200-N2-075,200,75,12600,550,150,S03,screen,0.0,3000,2978
0.014911257418456638,6.445271415757359e-05,9.96091782221904e-05,5.145493951495456e-08,0.015075057134232078,0.12226102261243327,GBM01-N1-200-N2-075,200,75,12600,550,150,S04,screen,0.0,3000,2971
0.02762891768714185,0.00011980621788507226,0.00018503565833341025,4.854752246334276e-07,0.02793265123508574,0.16649076355214923,GBM01-N1-200-N2-075,200,75,12600,550,150,S06,screen,0.0,3000,2977
0.02204560317689592,0.00010013647982395167,0.00014675758715200106,6.779957103109813e-07,0.02229279296983218,0.1487440236783488,GBM01-N1-200-N2-075,200,75,12600,550,150,S05,screen,0.0,3000,2973
0.02780191508034645,0.00011957148349176611,0.00018439020657757039,7.535310014179668e-07,0.02810713979770868,0.16702522163181638,GBM01-N1-200-N2-075,200,75,12600,550,150,S07,screen,0.0,3000,2975
0.032755459699810585,0.00013654715682661928,0.00021836965016611487,6.51102827754391e-07,0.03311038736012391,0.18128229136396168,GBM01-N1-200-N2-075,200,75,12600,550,150,S08,screen,0.0,3000,2969
0.025933806634070442,0.00011384810875486366,0.00017289177109035375,-1.290148485298824e-06,0.026220549955879968,0.1613156978618136,GBM01-N1-200-N2-075,200,75,12600,550,150,S09,screen,0.0,3000,2864
0.023074047765426563,0.00014934433378322598,0.0004635340683138649,5.976619813461736e-07,0.023685824880254377,0.15224612500401982,GBM01-N1-300-N2-025,300,25,12600,650,50,S01,screen,0.0,3000,2972
0.022908188216725987,0.00014887321491498438,0.00045773866089812514,5.370759349062346e-07,0.023514860922163823,0.1516590535779815,GBM01-N1-300-N2-025,300,25,12600,650,50,S02,screen,0.0,3000,2962
0.026774463776696508,0.00017907611999615734,0.0005349667071101271,3.721051518489259e-07,0.027489145792831564,0.16410164936176566,GBM01-N1-300-N2-025,300,25,12600,650,50,S03,screen,0.0,3000,2961
0.01508295273035839,8.653816882600532e-05,0.0003012332160327443,-3.16364918791941e-07,0.015470921653371276,0.1227062657996922,GBM01-N1-300-N2-025,300,25,12600,650,50,S04,screen,0.0,3000,2968
0.022000432195888105,0.00014229316978347592,0.00044171727451584343,9.877230321857393e-07,0.02258324716814312,0.14856489004036677,GBM01-N1-300-N2-025,300,25,12600,650,50,S05,screen,0.0,3000,2966
0.027910440960831614,0.00016112967021377294,0.0005580361341357886,9.245272806067688e-07,0.028629774535775056,0.16731333506414614,GBM01-N1-300-N2-025,300,25,12600,650,50,S06,screen,0.0,3000,2958
0.02756415279410252,0.00016049863115060676,0.0005520323271729978,-1.2800389361509865e-07,0.028276311632048013,0.16624137183779247,GBM01-N1-300-N2-025,300,25,12600,650,50,S07,screen,0.0,3000,2962
0.03278656231031814,0.00017706603642448564,0.000656879534962718,1.1442179005920323e-06,0.03361984714017915,0.18120514554394943,GBM01-N1-300-N2-025,300,25,12600,650,50,S08,screen,0.0,3000,2956
0.025937179824635885,0.00015554245962584592,0.0005173745195600613,-7.107517466567651e-07,0.02661060236499436,0.16125793612129888,GBM01-N1-300-N2-025,300,25,12600,650,50,S09,screen,0.0,3000,2908
0.02316245904443474,7.123339443778232e-05,7.746470632332808e-05,4.534215247265538e-08,0.023310688710482058,0.15240698515992154,GBM01-N1-075-N2-150,75,150,13500,450,300,S01,screen,0.0,3000,2975
0.022843804246806605,6.994026963795256e-05,7.594236251801634e-05,4.162832526753147e-08,0.022990064327411193,0.15133354596795134,GBM01-N1-075-N2-150,75,150,13500,450,300,S02,screen,0.0,3000,2966
0.026522349459312162,8.172838157342917e-05,8.845522207077699e-05,-3.1246706880499895e-08,0.026692441154280894,0.16310239061904636,GBM01-N1-075-N2-150,75,150,13500,450,300,S03,screen,0.0,3000,2968
0.014994303076585837,4.524776906914503e-05,4.9956352984198587e-05,-1.2318752402055201e-08,0.015089553078949172,0.12257536897717816,GBM01-N1-075-N2-150,75,150,13500,450,300,S04,screen,0.0,3000,2972
0.022012476975768552,6.740274087535564e-05,7.331872503507539e-05,4.2656164742476253e-07,0.02215330499507526,0.14857864171697868,GBM01-N1-075-N2-150,75,150,13500,450,300,S05,screen,0.0,3000,2978
0.027598151980187,8.349313099936425e-05,9.198106189587072e-05,3.1600735909165615e-07,0.02777364477539899,0.1663416278747048,GBM01-N1-075-N2-150,75,150,13500,450,300,S06,screen,0.0,3000,2968
0.027621474169287466,8.356105610909638e-05,9.205915133115915e-05,5.010871338278495e-07,0.0277971168005907,0.16642140930819016,GBM01-N1-075-N2-150,75,150,13500,450,300,S07,screen,0.0,3000,2971
0.03280919442463966,9.82930647787488e-05,0.00010943336082140496,1.6599661878998114e-07,0.03301679717165199,0.18135755493085287,GBM01-N1-075-N2-150,75,150,13500,450,300,S08,screen,0.0,3000,2961
0.025860015492656752,7.852308111265298e-05,8.614082838568939e-05,-8.547497024159149e-07,0.026024790286465534,0.1610214494162342,GBM01-N1-075-N2-150,75,150,13500,450,300,S09,screen,0.0,3000,2928
0.02317326252153155,0.00012546828739783345,0.00028990721179009794,-1.197917263119953e-06,0.02358849991522548,0.1525655695704666,GBM01-N1-300-N2-040,300,40,13680,680,80,S01,screen,0.0,3000,2972
0.02299255552237427,0.00012460055752202257,0.00028576899311226917,-4.081074007890742e-07,0.02340429702933952,0.1518886476610353,GBM01-N1-300-N2-040,300,40,13680,680,80,S02,screen,0.0,3000,2967
0.026496592868979645,0.00014878042461999,0.0003312072860006122,-4.831026399425771e-07,0.026976597394080034,0.16320328858920996,GBM01-N1-300-N2-040,300,40,13680,680,80,S03,screen,0.0,3000,2971
0.01491205488733023,7.351091341392286e-05,0.00018623819656033116,1.1484210618091082e-07,0.015172020693600245,0.12214355721829559,GBM01-N1-300-N2-040,300,40,13680,680,80,S04,screen,0.0,3000,2966
0.022025193894467242,0.00011914589811715072,0.0002759163488721671,5.739944180612047e-07,0.022419762443294737,0.1486621123196917,GBM01-N1-300-N2-040,300,40,13680,680,80,S05,screen,0.0,3000,2971
0.02761268413761698,0.000136850629924845,0.00034537816119385354,1.111838898198117e-06,0.02809457460547518,0.1663983398644678,GBM01-N1-300-N2-040,300,40,13680,680,80,S06,screen,0.0,3000,2978
0.027770943291612508,0.00013706787699467528,0.00034633926465470937,-4.413613538720762e-08,0.028255038381126897,0.16694793004931088,GBM01-N1-300-N2-040,300,40,13680,680,80,S07,screen,0.0,3000,2962
0.032835332187356146,0.00015277456821502933,0.0004105554906650786,1.191893038780262e-06,0.03339838664797219,0.1813834987060009,GBM01-N1-300-N2-040,300,40,13680,680,80,S08,screen,0.0,3000,2959
0.02605820320309991,0.00013206977159884397,0.0003246208587579894,-1.3398907153358788e-06,0.02651564803444084,0.1616405387794296,GBM01-N1-300-N2-040,300,40,13680,680,80,S09,screen,0.0,3000,2899
0.023312302530887643,6.94354907180417e-05,7.755613462334016e-05,2.122597467189946e-08,0.023459564945475974,0.15289118780623112,GBM01-N1-100-N2-150,100,150,14400,500,300,S01,screen,0.0,3000,2968
0.022677333871531997,6.783119049681072e-05,7.558224145601264e-05,1.5206154480403826e-07,0.022820758289909787,0.15078588508494373,GBM01-N1-100-N2-150,100,150,14400,500,300,S02,screen,0.0,3000,2976
0.026528722696758267,7.966654251777493e-05,8.834997792052646e-05,-1.808719111753879e-07,0.026696882557286434,0.16311760618510193,GBM01-N1-100-N2-150,100,150,14400,500,300,S03,screen,0.0,3000,2961
0.014976261871880192,4.3764063203890665e-05,4.977488833053266e-05,1.1173883163067252e-09,0.015070060736058497,0.12248673613695214,GBM01-N1-100-N2-150,100,150,14400,500,300,S04,screen,0.0,3000,2979
0.022063483619154285,6.586197812240085e-05,7.353676171461227e-05,5.698374800127563e-07,0.02220289646183638,0.14873061540223026,GBM01-N1-100-N2-150,100,150,14400,500,300,S05,screen,0.0,3000,2967
0.027703071671372384,8.137538374477208e-05,9.245501425039108e-05,2.616433361432275e-07,0.02787670854479182,0.16665255434399198,GBM01-N1-100-N2-150,100,150,14400,500,300,S06,screen,0.0,3000,2974
0.0277193200623072,8.119120480496879e-05,9.2238709046721e-05,5.270293478035054e-07,0.027893033150820715,0.16669861801272617,GBM01-N1-100-N2-150,100,150,14400,500,300,S07,screen,0.0,3000,2968
0.032844308083836926,9.497184842765286e-05,0.00010930165975876652,3.738341487129916e-07,0.03304889157838708,0.18143454074584073,GBM01-N1-100-N2-150,100,150,14400,500,300,S08,screen,0.0,3000,2959
0.025784465181456384,7.617817335933058e-05,8.604306432480056e-05,-1.114869874312467e-06,0.02594652092806191,0.16077418847631186,GBM01-N1-100-N2-150,100,150,14400,500,300,S09,screen,0.0,3000,2897
0.023305194180270328,8.628476637211894e-05,0.00011666046365586665,4.491196508389249e-08,0.02350795514428538,0.15291362184629495,GBM01-N1-200-N2-100,200,100,14400,600,200,S01,screen,0.0,3000,2979
0.02274164633506876,8.469581958514332e-05,0.00011372162615010708,1.225697927757836e-07,0.022940055138532527,0.151048348903752,GBM01-N1-200-N2-100,200,100,14400,600,200,S02,screen,0.0,3000,2968
0.026642127334747374,0.00010007751626203381,0.0001328138310028334,1.2956892247014584e-07,0.02687560581383376,0.16351754254135253,GBM01-N1-200-N2-100,200,100,14400,600,200,S03,screen,0.0,3000,2969
0.014964634681937726,5.3023024035119656e-05,7.474219663906828e-05,6.742706641472228e-09,0.015092505111383839,0.1224483648387126,GBM01-N1-200-N2-100,200,100,14400,600,200,S04,screen,0.0,3000,2974
0.02203189905412378,8.171120904135972e-05,0.000110153578362257,6.554453861515343e-07,0.022223770379755942,0.1486507282761588,GBM01-N1-200-N2-100,200,100,14400,600,200,S05,screen,0.0,3000,2963
0.027601150817800655,9.816020013333866e-05,0.00013781464368808695,4.824754156733313e-07,0.0278373744444831,0.16636351266765947,GBM01-N1-200-N2-100,200,100,14400,600,200,S06,screen,0.0,3000,2971
0.027585442541553276,9.823180410027221e-05,0.00013798998958120985,8.095960258244064e-08,0.02782160631113466,0.16632956586478698,GBM01-N1-200-N2-100,200,100,14400,600,200,S07,screen,0.0,3000,2962
0.03271150442748942,0.0001129751396398938,0.00016362662324774757,4.6358270297416384e-07,0.032988022660951515,0.18112906149411756,GBM01-N1-200-N2-100,200,100,14400,600,200,S08,screen,0.0,3000,2972
0.025953562328415173,9.344924253738921e-05,0.00012963333769557168,-8.427141741002227e-07,0.02617683374477489,0.1613071699712056,GBM01-N1-200-N2-100,200,100,14400,600,200,S09,screen,0.0,3000,2863
0.023427847490347486,0.0001135396769482921,0.0002332255193118288,-3.7068391590583995e-07,0.023775730197945284,0.15339558948823492,GBM01-N1-300-N2-050,300,50,14400,700,100,S01,screen,0.0,3000,2960
0.022732629683213084,0.00011231170486346212,0.00022792248919690456,-1.2416681499078213e-07,0.023072300593660847,0.15107490314498112,GBM01-N1-300-N2-050,300,50,14400,700,100,S02,screen,0.0,3000,2967
0.0263996952815295,0.00013389615964565918,0.000265087644734911,2.447628207269357e-07,0.02679756954987037,0.16286797107482961,GBM01-N1-300-N2-050,300,50,14400,700,100,S03,screen,0.0,3000,2970
0.014740400897654493,6.689800466169431e-05,0.00014835720429554188,3.543534667253294e-07,0.01495480525945898,0.12148158788385814,GBM01-N1-300-N2-050,300,50,14400,700,100,S04,screen,0.0,3000,2967
0.022025023962610024,0.00010767031906629996,0.00022049187990720958,2.790139043306862e-07,0.022352975136553058,0.148686074804906,GBM01-N1-300-N2-050,300,50,14400,700,100,S05,screen,0.0,3000,2974
0.027466285497961887,0.00012458087863031662,0.00027606541822989113,1.0859457749650866e-06,0.02786570323568479,0.16599497515810138,GBM01-N1-300-N2-050,300,50,14400,700,100,S06,screen,0.0,3000,2963
0.0277145984889298,0.00012492185332675404,0.00027744248582277993,4.4204017483246764e-07,0.028116704864359326,0.16675407811293635,GBM01-N1-300-N2-050,300,50,14400,700,100,S07,screen,0.0,3000,2966
0.03259611670255739,0.000139668494065928,0.0003268710773577803,3.221229426030299e-07,0.03306197289495288,0.18078103808555882,GBM01-N1-300-N2-050,300,50,14400,700,100,S08,screen,0.0,3000,2967
0.025788127250640804,0.00011979801153227974,0.00025911961969713615,-1.6413431714679587e-06,0.026165969825538128,0.16085508532224438,GBM01-N1-300-N2-050,300,50,14400,700,100,S09,screen,0.0,3000,2855
0.023191764400396837,5.5670342492379435e-05,5.8119279989496225e-05,-2.3819349897696812e-08,0.023305284839816778,0.15245415401752482,GBM01-N1-050-N2-200,50,200,16200,500,400,S01,screen,0.0,3000,2973
0.022822748379700504,5.463483080956316e-05,5.699812571831137e-05,5.5216063481418726e-08,0.02293449333488634,0.1512433152991365,GBM01-N1-050-N2-200,50,200,16200,500,400,S02,screen,0.0,3000,2976
0.026521057542047907,6.375123586483495e-05,6.636899796310129e-05,8.15275916320283e-08,0.026651051851227327,0.16304662461277172,GBM01-N1-050-N2-200,50,200,16200,500,400,S03,screen,0.0,3000,2960
0.01492606049768474,3.554486759545732e-05,3.7409901025438146e-05,1.3683623635896872e-08,0.01499883508032212,0.12227143026330431,GBM01-N1-050-N2-200,50,200,16200,500,400,S04,screen,0.0,3000,2972
0.02208596515099619,5.282408287004894e-05,5.516866258880251e-05,3.733813229058882e-07,0.022194046217290143,0.14876714598500393,GBM01-N1-050-N2-200,50,200,16200,500,400,S05,screen,0.0,3000,2975
0.027700070754779222,6.572651536286557e-05,6.909665743177672e-05,2.4559752519490487e-07,0.027835184782433773,0.166605100008856,GBM01-N1-050-N2-200,50,200,16200,500,400,S06,screen,0.0,3000,2962
0.027664916433311277,6.579982660995534e-05,6.91812820071979e-05,1.3319324907476844e-07,0.02779985972121685,0.1664946704886571,GBM01-N1-050-N2-200,50,200,16200,500,400,S07,screen,0.0,3000,2968
0.03265560468510403,7.740481986470483e-05,8.178443097246217e-05,2.974098826980634e-07,0.032814518904276176,0.18088307074500345,GBM01-N1-050-N2-200,50,200,16200,500,400,S08,screen,0.0,3000,2970
0.025849700622467966,6.16460609731024e-05,6.465511169871789e-05,-6.762288603762175e-07,0.02597594180361274,0.160939671218459,GBM01-N1-050-N2-200,50,200,16200,500,400,S09,screen,0.0,3000,2926
0.023244313729553177,6.594835423204813e-05,7.74616308030743e-05,4.035374824090539e-10,0.023387747098257416,0.15265267090747925,GBM01-N1-150-N2-150,150,150,16200,600,300,S01,screen,0.0,3000,2967
0.022835591930483803,6.483901920040272e-05,7.593504726140507e-05,1.6077636250351355e-07,0.022976679377693505,0.1512962048371762,GBM01-N1-150-N2-150,150,150,16200,600,300,S02,screen,0.0,3000,2960
0.026552637928976344,7.612598471810317e-05,8.8570124451544e-05,-6.680855878498183e-08,0.026717219677593752,0.16317749748302865,GBM01-N1-150-N2-150,150,150,16200,600,300,S03,screen,0.0,3000,2971
0.015010970961118721,4.140255158056304e-05,4.98951808216361e-05,-1.6536086647206977e-08,0.015102501827369302,0.12261611517754983,GBM01-N1-150-N2-150,150,150,16200,600,300,S04,screen,0.0,3000,2970
0.02207407191080576,6.262268559507218e-05,7.355410712620303e-05,4.677633859636736e-07,0.02221029381446922,0.14875724840540458,GBM01-N1-150-N2-150,150,150,16200,600,300,S05,screen,0.0,3000,2962
0.027635750408725016,7.668035451084663e-05,9.226081273424766e-05,2.7063130903502875e-07,0.02780445519656622,0.1664269504427745,GBM01-N1-150-N2-150,150,150,16200,600,300,S06,screen,0.0,3000,2977
0.0275719620965154,7.656937995890706e-05,9.208973375673497e-05,4.81117108374887e-07,0.027740312652663617,0.16622754333173612,GBM01-N1-150-N2-150,150,150,16200,600,300,S07,screen,0.0,3000,2972
0.03279117483621264,8.906225138070198e-05,0.00010901516198673838,3.169175024145547e-07,0.03298971775538977,0.18128088341951024,GBM01-N1-150-N2-150,150,150,16200,600,300,S08,screen,0.0,3000,2972
0.025969964352256833,7.237292703023653e-05,8.641268853455532e-05,-7.247789027711485e-07,0.026129006457629122,0.16134211864882655,GBM01-N1-150-N2-150,150,150,16200,600,300,S09,screen,0.0,3000,2866
0.0232331129827481,9.113780280589639e-05,0.00015471458884504802,2.117591042838133e-07,0.023479192450417397,0.15267616551772176,GBM01-N1-300-N2-075,300,75,16200,750,150,S01,screen,0.0,3000,2969
0.022749373074785913,9.019451617822324e-05,0.00015190038602701432,3.224562708734155e-07,0.022991189773483092,0.15106964969291042,GBM01-N1-300-N2-075,300,75,16200,750,150,S02,screen,0.0,3000,2974
0.014926800820098287,5.484941943411372e-05,9.958094411629992e-05,2.385530067087884e-07,0.015081150090672178,0.12226908418749059,GBM01-N1-300-N2-075,300,75,16200,750,150,S04,screen,0.0,3000,2974
0.026608986525354504,0.00010715568724151039,0.0001773504002309757,-4.035809133821426e-08,0.02689352042052412,0.16343134138710094,GBM01-N1-300-N2-075,300,75,16200,750,150,S03,screen,0.0,3000,2976
0.022054228206290733,8.653286861081758e-05,0.00014673503552045506,7.162810264083415e-07,0.022287843231930032,0.14874186317557175,GBM01-N1-300-N2-075,300,75,16200,750,150,S05,screen,0.0,3000,2971
0.027636591899791268,0.0001019437774486738,0.00018464122997001028,2.0373806344282923e-07,0.027922736468196686,0.16647012586918122,GBM01-N1-300-N2-075,300,75,16200,750,150,S06,screen,0.0,3000,2961
0.027484861113543632,0.00010155575586955835,0.00018348405980378465,2.919737341102297e-07,0.027769557174185115,0.16596651942021537,GBM01-N1-300-N2-075,300,75,16200,750,150,S07,screen,0.0,3000,2972
0.03271723307119542,0.0001154888929647806,0.00021947191495657784,4.890939370255585e-07,0.03305072256934188,0.18108648429405888,GBM01-N1-300-N2-075,300,75,16200,750,150,S08,screen,0.0,3000,2957
0.02579011144649945,9.741533132368483e-05,0.00017265019869337165,-1.2780299820670437e-06,0.026059380382307085,0.16083268844409318,GBM01-N1-300-N2-075,300,75,16200,750,150,S09,screen,0.0,3000,2843
0.0231985016853956,0.00012228440191462637,0.00046489380688296953,2.8452642152329347e-07,0.023785377315066986,0.1525895065388476,GBM01-N1-400-N2-025,400,25,16200,850,50,S01,screen,0.0,3000,2963
0.022932182013436223,0.00012168578796175547,0.0004567362203741166,-5.215388034429579e-07,0.02351156367884924,0.15158109103375583,GBM01-N1-400-N2-025,400,25,16200,850,50,S02,screen,0.0,3000,2966
0.026601492740119578,0.00014682990979518614,0.0005334146534225151,4.757844653991891e-08,0.027281209621357123,0.16352045826687187,GBM01-N1-400-N2-025,400,25,16200,850,50,S03,screen,0.0,3000,2968
0.014844449030816246,6.989418614135211e-05,0.00029679051260348864,-1.7428042717314368e-07,0.015211238671231139,0.12177606668811577,GBM01-N1-400-N2-025,400,25,16200,850,50,S04,screen,0.0,3000,2961
0.021954923094195576,0.00011627044359727238,0.00044132250678132195,7.212477590303662e-07,0.022511442496973892,0.1483874931937015,GBM01-N1-400-N2-025,400,25,16200,850,50,S05,screen,0.0,3000,2969
0.027683783371154548,0.00013034498555745467,0.0005551165171167044,-2.3561891396812688e-07,0.028368777419051385,0.16654737431201003,GBM01-N1-400-N2-025,400,25,16200,850,50,S06,screen,0.0,3000,2965
0.027252401010252062,0.0001301081743056177,0.000551084989393461,1.2799288228835477e-06,0.027930898473165076,0.16518031540667277,GBM01-N1-400-N2-025,400,25,16200,850,50,S07,screen,0.0,3000,2972
0.03317266527279968,0.0001428825805487661,0.0006588070821717775,1.8800770736995302e-06,0.0339764954918351,0.1822191898851173,GBM01-N1-400-N2-025,400,25,16200,850,50,S08,screen,0.0,3000,2976
0.025685501188603764,0.0001263257515332514,0.000517959515652942,-1.4873644011958523e-06,0.02632765537442032,0.1603389940738289,GBM01-N1-400-N2-025,400,25,16200,850,50,S09,screen,0.0,3000,2865
0.023325482947190182,5.470413564114626e-05,5.8311882951622404e-05,-4.360355653596639e-08,0.023438503382456812,0.1528954332679141,GBM01-N1-075-N2-200,75,200,17100,550,400,S01,screen,0.0,3000,2966
0.022747360016425855,5.3393172143835795e-05,5.683105225252154e-05,-1.1117283694062478e-08,0.022857652600789306,0.15097521703311814,GBM01-N1-075-N2-200,75,200,17100,550,400,S02,screen,0.0,3000,2978
0.026416372989744807,6.244804860895454e-05,6.62963839999693e-05,-7.719206581746749e-08,0.02654463576081669,0.16270661051901553,GBM01-N1-075-N2-200,75,200,17100,550,400,S03,screen,0.0,3000,2959
0.014914125238386505,3.466117494767056e-05,3.73489169249487e-05,-5.829427518017616e-08,0.014986018905811872,0.12221837680667196,GBM01-N1-075-N2-200,75,200,17100,550,400,S04,screen,0.0,3000,2974
0.02202597051994835,5.1718813975189614e-05,5.512701882425028e-05,2.3690954435495046e-07,0.02213269907003699,0.14856172764137457,GBM01-N1-075-N2-200,75,200,17100,550,400,S05,screen,0.0,3000,2969
0.027637606974427055,6.419643921304298e-05,6.909564852042154e-05,3.7313396724152265e-07,0.027770896514081912,0.16642385278157215,GBM01-N1-075-N2-200,75,200,17100,550,400,S06,screen,0.0,3000,2963
0.027664314403255997,6.421340253584288e-05,6.911314511625221e-05,2.7345423727331685e-07,0.027797729200589212,0.1664906775849403,GBM01-N1-075-N2-200,75,200,17100,550,400,S07,screen,0.0,3000,2972
0.032649764075814075,7.538645750867969e-05,8.175848723655271e-05,2.3289803082202073e-07,0.03280666014068931,0.18085917466541218,GBM01-N1-075-N2-200,75,200,17100,550,400,S08,screen,0.0,3000,2970
0.025859214812362863,6.0366389584925014e-05,6.475287838042928e-05,-7.278897184281587e-07,0.025984138378809613,0.16095439393128494,GBM01-N1-075-N2-200,75,200,17100,550,400,S09,screen,0.0,3000,2935
0.023209893335917806,0.00010568608104240127,0.00029020103726824326,1.1312188640591381e-07,0.02360561863353389,0.15256554897657826,GBM01-N1-400-N2-040,400,40,17280,880,80,S01,screen,0.0,3000,2969
0.022698701976695376,0.00010482990130186116,0.0002838396845092855,1.8516301901010303e-07,0.02308740176152471,0.15094120572872055,GBM01-N1-400-N2-040,400,40,17280,880,80,S02,screen,0.0,3000,2963
0.02647004913786147,0.0001259265733120981,0.0003320201637221513,-5.948318134657509e-07,0.026927164853594365,0.16303977526243665,GBM01-N1-400-N2-040,400,40,17280,880,80,S03,screen,0.0,3000,2958
0.014891477193966064,6.150715237517378e-05,0.00018736019992085572,-1.9642415574710473e-07,0.015139591928301652,0.12203974164520216,GBM01-N1-400-N2-040,400,40,17280,880,80,S04,screen,0.0,3000,2971
0.022053574765481927,0.00010052218719388195,0.0002757563592739318,1.3167136624767847e-06,0.022429852597016083,0.1487068217460525,GBM01-N1-400-N2-040,400,40,17280,880,80,S05,screen,0.0,3000,2973
0.02788649443464883,0.00011446462217172317,0.00034743183455738494,5.684656627537724e-07,0.028349257400467634,0.16721902388796123,GBM01-N1-400-N2-040,400,40,17280,880,80,S06,screen,0.0,3000,2965
0.027560343596441605,0.00011404260534254295,0.00034483540024559745,6.223316491154981e-07,0.02801914816441114,0.1662321436192907,GBM01-N1-400-N2-040,400,40,17280,880,80,S07,screen,0.0,3000,2968
0.03280041331214129,0.0001263831976754681,0.0004096956124787222,6.671329548590136e-07,0.0333367221233186,0.1812931130835034,GBM01-N1-400-N2-040,400,40,17280,880,80,S08,screen,0.0,3000,2963
0.025701355997100224,0.00011029485880294981,0.0003224769200774789,-1.1112055898964625e-06,0.026133276122601964,0.16052278102364473,GBM01-N1-400-N2-040,400,40,17280,880,80,S09,screen,0.0,3000,2868
0.023283216786726072,5.3460774303608935e-05,5.814777791217381e-05,5.1998912106118855e-09,0.02339493638015065,0.15275019562641612,GBM01-N1-100-N2-200,100,200,18000,600,400,S01,screen,0.0,3000,2967
0.022663111231430905,5.226783146746608e-05,5.674255249399715e-05,-1.05063077955861e-07,0.022771966848822774,0.1506968004358469,GBM01-N1-100-N2-200,100,200,18000,600,400,S02,screen,0.0,3000,2972
0.014979241068584387,3.386468382567972e-05,3.734830269499177e-05,2.3311502612226964e-08,0.015050635725898131,0.12248202537725883,GBM01-N1-100-N2-200,100,200,18000,600,400,S04,screen,0.0,3000,2970
0.02660710307505853,6.139150643028971e-05,6.642127766046162e-05,4.619808141136463e-08,0.026735094280833458,0.16330947542059585,GBM01-N1-100-N2-200,100,200,18000,600,400,S03,screen,0.0,3000,2973
0.02200158686666069,5.060747697964166e-05,5.5015142924791476e-05,1.2532891087517325e-07,0.022107188295445244,0.14847015350987627,GBM01-N1-100-N2-200,100,200,18000,600,400,S05,screen,0.0,3000,2970
0.027604512635995306,6.271579825204431e-05,6.907403400399519e-05,1.938380986646519e-07,0.0277361896419189,0.16630905566506174,GBM01-N1-100-N2-200,100,200,18000,600,400,S06,screen,0.0,3000,2962
0.027639951328459027,6.280693227184256e-05,6.9212149320713e-05,3.8623213182890706e-07,0.02777176370029225,0.16639703601166755,GBM01-N1-100-N2-200,100,200,18000,600,400,S07,screen,0.0,3000,2967
0.032690420161670966,7.354187275745454e-05,8.178282575869574e-05,2.2781180366346077e-07,0.03284564150966422,0.18098739647807957,GBM01-N1-100-N2-200,100,200,18000,600,400,S08,screen,0.0,3000,2966
0.025843337559897914,5.896691077857083e-05,6.467096121334526e-05,-6.764532037977596e-07,0.02596685840391333,0.160908213593143,GBM01-N1-100-N2-200,100,200,18000,600,400,S09,screen,0.0,3000,2922
0.023338535200152506,6.292042791393778e-05,7.759519874736e-05,-1.0806943920695984e-08,0.023479378318541685,0.15295440912830313,GBM01-N1-200-N2-150,200,150,18000,700,300,S01,screen,0.0,3000,2971
0.022727521108686942,6.163883168658457e-05,7.567186488008472e-05,-6.580980000014387e-08,0.022864978058169422,0.15094259338876026,GBM01-N1-200-N2-150,200,150,18000,700,300,S02,screen,0.0,3000,2971
0.026552514086512675,7.264904062948194e-05,8.846983976003627e-05,-1.0220279798023537e-07,0.026713689484288754,0.16316357760925665,GBM01-N1-200-N2-150,200,150,18000,700,300,S03,screen,0.0,3000,2964
0.014928529329265918,3.9121307143632854e-05,4.977739035430286e-05,-1.0320659281132097e-07,0.015017398750252119,0.12227610111789994,GBM01-N1-200-N2-150,200,150,18000,700,300,S04,screen,0.0,3000,2976
0.022022093637991517,5.960643562707636e-05,7.345199810042353e-05,2.0573648108581212e-07,0.022155079122647046,0.14857342061736376,GBM01-N1-200-N2-150,200,150,18000,700,300,S05,screen,0.0,3000,2965
0.02765073093948823,7.260655387005349e-05,9.218584896880288e-05,1.5916568208320857e-07,0.027815497655106245,0.16646511165824351,GBM01-N1-200-N2-150,200,150,18000,700,300,S06,screen,0.0,3000,2975
0.02762134032036497,7.269004812682612e-05,9.23267326540791e-05,2.770940431187257e-07,0.027785953245565157,0.16637914974603396,GBM01-N1-200-N2-150,200,150,18000,700,300,S07,screen,0.0,3000,2969
0.03271077996442055,8.395388312652859e-05,0.00010903250890603211,4.815769124371845e-07,0.032903772973708154,0.181062841455822,GBM01-N1-200-N2-150,200,150,18000,700,300,S08,screen,0.0,3000,2969
0.025893496218328798,6.865512141812948e-05,8.629680491662512e-05,-6.38052377424551e-07,0.026048462561424242,0.16109528459910244,GBM01-N1-200-N2-150,200,150,18000,700,300,S09,screen,0.0,3000,2856
0.023173931620860178,7.620156458978833e-05,0.00011608317768471432,9.188602812537258e-09,0.023365936553310544,0.15244437302679054,GBM01-N1-300-N2-100,300,100,18000,800,200,S01,screen,0.0,3000,2967
0.02278173645297667,7.52924354761721e-05,0.00011400835196757634,-9.252928738300267e-08,0.0229709222174913,0.1511679401863145,GBM01-N1-300-N2-100,300,100,18000,800,200,S02,screen,0.0,3000,2972
0.026591519786494943,8.91564513055395e-05,0.00013283682783648445,7.130145995914471e-08,0.026813684945162324,0.16334626373368652,GBM01-N1-300-N2-100,300,100,18000,800,200,S03,screen,0.0,3000,2966
0.014966798758798557,4.639743074680189e-05,7.477601400901171e-05,4.531997278300553e-09,0.0150880380647887,0.12240961439006985,GBM01-N1-300-N2-100,300,100,18000,800,200,S04,screen,0.0,3000,2974
0.022099871811182448,7.257556006492827e-05,0.00011052673852672294,3.0923290101398034e-07,0.022282942481735114,0.14886615878631113,GBM01-N1-300-N2-100,300,100,18000,800,200,S05,screen,0.0,3000,2970
0.027627931913219217,8.602743494609153e-05,0.0001383252477115338,4.3663401281652516e-07,0.027852025023661138,0.16642220322945778,GBM01-N1-300-N2-100,300,100,18000,800,200,S06,screen,0.0,3000,2974
0.027886269688896674,8.605731129731573e-05,0.00013853017446619457,8.433255936493225e-07,0.028111973221755942,0.16719654874289278,GBM01-N1-300-N2-100,300,100,18000,800,200,S07,screen,0.0,3000,2972
0.03271836363426777,9.794649771720584e-05,0.00016368219412718322,5.537388194701395e-07,0.03297987664098683,0.1810733875309237,GBM01-N1-300-N2-100,300,100,18000,800,200,S08,screen,0.0,3000,2975
0.025959051565011004,8.20937397148118e-05,0.00012963845620539516,-6.288114160980155e-07,0.026170982910331944,0.1613277821679388,GBM01-N1-300-N2-100,300,100,18000,800,200,S09,screen,0.0,3000,2829
0.02325076644432207,9.697505454818011e-05,0.0002325050337488388,8.918181319800388e-08,0.023580208349091414,0.1527142007282102,GBM01-N1-400-N2-050,400,50,18000,900,100,S01,screen,0.0,3000,2969
0.02664639674214808,0.00011534332388515993,0.0002665841074151552,-2.5623789616289747e-07,0.02702823188967778,0.1635716877256222,GBM01-N1-400-N2-050,400,50,18000,900,100,S03,screen,0.0,3000,2969
0.022791257541655844,9.604098154975808e-05,0.0002271352325742483,1.0880091688211252e-07,0.023115071422459815,0.15117859578890114,GBM01-N1-400-N2-050,400,50,18000,900,100,S02,screen,0.0,3000,2959
0.014868066469608265,5.6603720455770766e-05,0.0001482552513854208,2.1136549611473078e-07,0.015073198208325948,0.12195531843792255,GBM01-N1-400-N2-050,400,50,18000,900,100,S04,screen,0.0,3000,2965
0.022231084400727255,9.226529601692386e-05,0.0002216241454039073,5.210345956014873e-07,0.022545496231586314,0.14929984388309897,GBM01-N1-400-N2-050,400,50,18000,900,100,S05,screen,0.0,3000,2960
0.02757924734846205,0.00010551709906623965,0.00027640245981933536,8.356133680368646e-07,0.027960768127519124,0.16630215350174726,GBM01-N1-400-N2-050,400,50,18000,900,100,S06,screen,0.0,3000,2964
0.027744818433184104,0.00010560059545617215,0.00027719286256489136,3.7140963747489466e-07,0.028127785302740807,0.16677528420377866,GBM01-N1-400-N2-050,400,50,18000,900,100,S07,screen,0.0,3000,2967
0.03278248388697679,0.00011735595110854365,0.00032745831514004886,5.585907785911388e-07,0.03322765865161778,0.18128692522075363,GBM01-N1-400-N2-050,400,50,18000,900,100,S08,screen,0.0,3000,2974
0.026134638362864625,0.00010201886877572879,0.00026024226460203803,-7.633654184477628e-07,0.026497683909930153,0.16182403975377466,GBM01-N1-400-N2-050,400,50,18000,900,100,S09,screen,0.0,3000,2842
0.023245226431244003,5.138461079599932e-05,5.810898204284511e-05,-7.55929360481835e-08,0.023354727466435132,0.15262061693937123,GBM01-N1-150-N2-200,150,200,19800,700,400,S01,screen,0.0,3000,2972
0.022746695149234577,5.036560305877233e-05,5.680032978301418e-05,1.8960175003731387e-08,0.022853980000663333,0.15097297844919097,GBM01-N1-150-N2-200,150,200,19800,700,400,S02,screen,0.0,3000,2968
0.026561717393607846,5.9052405642449247e-05,6.626548220866401e-05,2.6196072675882424e-08,0.026687282161191875,0.16314936477949066,GBM01-N1-150-N2-200,150,200,19800,700,400,S03,screen,0.0,3000,2969
0.014996630064945926,3.243700651715048e-05,3.741615515563159e-05,3.561327917755202e-08,0.01506661137690747,0.12253010234718882,GBM01-N1-150-N2-200,150,200,19800,700,400,S04,screen,0.0,3000,2965
0.021963904144305057,4.8738428150234714e-05,5.50947256258354e-05,2.5709852988442337e-07,0.02206740959926114,0.14834199964290903,GBM01-N1-150-N2-200,150,200,19800,700,400,S05,screen,0.0,3000,2971
0.027599268198815634,6.0042020819939216e-05,6.918206635167606e-05,4.135462643423148e-07,0.027728170358315922,0.1662797692249791,GBM01-N1-150-N2-200,150,200,19800,700,400,S06,screen,0.0,3000,2978
0.027587241659547113,5.993826890646225e-05,6.901280688003957e-05,2.8914680147050426e-07,0.027716112874951696,0.1662371889854007,GBM01-N1-150-N2-200,150,200,19800,700,400,S07,screen,0.0,3000,2959
0.032735047264213155,7.00382369400147e-05,8.179989107475692e-05,3.096449199686101e-07,0.0328869490698573,0.1810975729453986,GBM01-N1-150-N2-200,150,200,19800,700,400,S08,screen,0.0,3000,2970
0.025856924878573675,5.6429589433976405e-05,6.45896534739697e-05,-6.954429557894286e-07,0.025978034786335168,0.1609473576408835,GBM01-N1-150-N2-200,150,200,19800,700,400,S09,screen,0.0,3000,2871
0.02336220204930897,8.037464541257928e-05,0.0001554216752941421,-8.734919380618896e-08,0.023598332009958527,0.15304734460543426,GBM01-N1-400-N2-075,400,75,19800,950,150,S01,screen,0.0,3000,2968
0.0226422178325176,7.923826453559798e-05,0.00015113939457464526,-1.9104130909971332e-08,0.022872399590376357,0.1507100626097925,GBM01-N1-400-N2-075,400,75,19800,950,150,S02,screen,0.0,3000,2969
0.02657380916952989,9.46218996052575e-05,0.00017680131583034487,1.647366034584676e-07,0.026845593371734314,0.1632799633883859,GBM01-N1-400-N2-075,400,75,19800,950,150,S03,screen,0.0,3000,2960
0.01496774608559801,4.788206040646848e-05,9.98036808981896e-05,-8.506633133947565e-09,0.015115424328271232,0.12241437050567168,GBM01-N1-400-N2-075,400,75,19800,950,150,S04,screen,0.0,3000,2967
0.022078110391408525,7.626183295445387e-05,0.00014705071447260217,6.546269978398284e-07,0.022301529290748252,0.14877734306007087,GBM01-N1-400-N2-075,400,75,19800,950,150,S05,screen,0.0,3000,2967
0.027736951711527024,8.900782799522835e-05,0.00018558829200821176,5.461886695397234e-07,0.02801092171158354,0.1667382997107074,GBM01-N1-400-N2-075,400,75,19800,950,150,S06,screen,0.0,3000,2963
0.027595479756202745,8.862547286805885e-05,0.00018389040532388744,1.820629460099078e-07,0.027868049118369372,0.16630572908124203,GBM01-N1-400-N2-075,400,75,19800,950,150,S07,screen,0.0,3000,2963
0.032626100378829556,9.956579337072804e-05,0.00021776633944148026,6.837949400475067e-07,0.03294318836842552,0.18080872029917555,GBM01-N1-400-N2-075,400,75,19800,950,150,S08,screen,0.0,3000,2972
0.025770832471921166,8.505170947168066e-05,0.0001724138176494351,-6.59504348906885e-07,0.026027716310882035,0.1607320038452125,GBM01-N1-400-N2-075,400,75,19800,950,150,S09,screen,0.0,3000,2776
0.023264642560797813,4.963031617725292e-05,5.829872114700135e-05,-2.6391339569843027e-08,0.02337233987640973,0.15267628088915886,GBM01-N1-200-N2-200,200,200,21600,800,400,S01,screen,0.0,3000,2976
0.02274941475887564,4.8598139214881123e-05,5.6899472375647616e-05,3.6619467894494405e-08,0.022854869166266466,0.15097524279249017,GBM01-N1-200-N2-200,200,200,21600,800,400,S02,screen,0.0,3000,2970
0.026525507836116163,5.700681595445363e-05,6.628619906108333e-05,1.667573445906939e-08,0.026648847583750624,0.16303642245983788,GBM01-N1-200-N2-200,200,200,21600,800,400,S03,screen,0.0,3000,2974
0.014917645707907944,3.094383778291113e-05,3.722641701867503e-05,-6.533713962052638e-08,0.014985927299517615,0.12221805965938028,GBM01-N1-200-N2-200,200,200,21600,800,400,S04,screen,0.0,3000,2968
0.022078168568661155,4.700026876828804e-05,5.519224396758285e-05,2.660032486325182e-07,0.022180366942574054,0.1487180315193159,GBM01-N1-200-N2-200,200,200,21600,800,400,S05,screen,0.0,3000,2970
0.02766745623356534,5.74306812821739e-05,6.904520310933367e-05,3.5324374442938015e-07,0.02779412946877955,0.16647025739394208,GBM01-N1-200-N2-200,200,200,21600,800,400,S06,screen,0.0,3000,2982
0.02761985894367711,5.742729097968922e-05,6.902226793651509e-05,2.2585472409761196e-07,0.027746350550625975,0.16633743309141252,GBM01-N1-200-N2-200,200,200,21600,800,400,S07,screen,0.0,3000,2970
0.03279868880295395,6.70039465818188e-05,8.20078719487511e-05,8.375757264731478e-08,0.03294768113473373,0.18124952723786564,GBM01-N1-200-N2-200,200,200,21600,800,400,S08,screen,0.0,3000,2970
0.02597992249606261,5.42946999052194e-05,6.476705357232729e-05,-6.517285562768006e-07,0.026099292376491365,0.16132996913989917,GBM01-N1-200-N2-200,200,200,21600,800,400,S09,screen,0.0,3000,2829
0.0232891729758024,5.757789102368517e-05,7.769016937066013e-05,1.319346120643072e-07,0.023424353399518195,0.15277282542015921,GBM01-N1-300-N2-150,300,150,21600,900,300,S01,screen,0.0,3000,2979
0.02278377072263987,5.654463306994119e-05,7.580562226271456e-05,-3.593141373542767e-08,0.022916323846563374,0.1511009447208265,GBM01-N1-300-N2-150,300,150,21600,900,300,S02,screen,0.0,3000,2975
0.026523633954066858,6.668667916582776e-05,8.836813458503544e-05,-6.626001119483359e-08,0.026678754769521223,0.16306683579612363,GBM01-N1-300-N2-150,300,150,21600,900,300,S03,screen,0.0,3000,2964
0.014940364986629602,3.539407291050877e-05,4.984038972807847e-05,6.149325847797699e-09,0.015025538334076508,0.12230762710687212,GBM01-N1-300-N2-150,300,150,21600,900,300,S04,screen,0.0,3000,2962
0.02209820500339579,5.458749096472421e-05,7.358602333837596e-05,4.2606662667893285e-07,0.022226484403572673,0.1487946702072748,GBM01-N1-300-N2-150,300,150,21600,900,300,S05,screen,0.0,3000,2968
0.02752147012509665,6.555915503682446e-05,9.201908504800788e-05,2.185038498475884e-07,0.027678645993889733,0.16605848136627957,GBM01-N1-300-N2-150,300,150,21600,900,300,S06,screen,0.0,3000,2973
0.02769272225270555,6.561303871101665e-05,9.209176280481913e-05,2.9004464204492215e-07,0.027850742276127632,0.1665927515840244,GBM01-N1-300-N2-150,300,150,21600,900,300,S07,screen,0.0,3000,2965
0.03265109903847438,7.539698724489183e-05,0.00010901899479518703,2.719811756201065e-07,0.03283525100526051,0.18085350135228698,GBM01-N1-300-N2-150,300,150,21600,900,300,S08,screen,0.0,3000,2966
0.025885170580385048,6.22638237148936e-05,8.625589657334641e-05,-7.855375898002166e-07,0.026033735190394956,0.16104476277908256,GBM01-N1-300-N2-150,300,150,21600,900,300,S09,screen,0.0,3000,2799
0.023339999214827746,6.8550551486018e-05,0.00011635520363463374,-1.4452786318035273e-07,0.023525307324057984,0.15297936585146032,GBM01-N1-400-N2-100,400,100,21600,1000,200,S01,screen,0.0,3000,2970
0.02263990982275681,6.75873339074066e-05,0.0001136099320406123,-1.9326514489201121e-07,0.02282062301985849,0.15065120208299068,GBM01-N1-400-N2-100,400,100,21600,1000,200,S02,screen,0.0,3000,2970
0.026629035285285284,8.029248042516452e-05,0.00013276045010709363,5.810249452253335e-09,0.026842552779633717,0.16341875969423744,GBM01-N1-400-N2-100,400,100,21600,1000,200,S03,screen,0.0,3000,2960
0.015044424899678874,4.1225473270655216e-05,7.478746326230249e-05,-2.2897084676720337e-08,0.015160908136878643,0.12271678340135267,GBM01-N1-400-N2-100,400,100,21600,1000,200,S04,screen,0.0,3000,2972
0.021946289483811072,6.487865040306092e-05,0.00010990778008611634,3.283218487216265e-07,0.022120875507284796,0.1483119681974239,GBM01-N1-400-N2-100,400,100,21600,1000,200,S05,screen,0.0,3000,2981
0.02770961191496794,7.656525533644659e-05,0.00013855695784380782,3.3579035549520345e-07,0.02792470903116892,0.16661604823770174,GBM01-N1-400-N2-100,400,100,21600,1000,200,S06,screen,0.0,3000,2970
0.027717264068591808,7.65891793173472e-05,0.00013862356500262684,3.018517873620103e-07,0.02793242975041268,0.1666566106447444,GBM01-N1-400-N2-100,400,100,21600,1000,200,S07,screen,0.0,3000,2968
0.03284064242139683,8.652301786084915e-05,0.00016395377097263127,2.7773848451966356e-07,0.033091389131423316,0.18137448098238643,GBM01-N1-400-N2-100,400,100,21600,1000,200,S08,screen,0.0,3000,2980
0.025910901928317354,7.309636270356145e-05,0.00012929494869585455,-6.834652101848822e-07,0.02611357606984592,0.16114635900699084,GBM01-N1-400-N2-100,400,100,21600,1000,200,S09,screen,0.0,3000,2770
0.023331409084720766,4.610875306774395e-05,5.816312316297687e-05,-1.412658996110317e-09,0.023435944282116126,0.1528780213079173,GBM01-N1-300-N2-200,300,200,25200,1000,400,S01,screen,0.0,3000,2977
0.022737104342322952,4.5320058499492644e-05,5.6876064022381034e-05,3.3682085632225485e-09,0.022839246523032194,0.15092485334019112,GBM01-N1-300-N2-200,300,200,25200,1000,400,S02,screen,0.0,3000,2969
0.026552915662782374,5.3287551707785115e-05,6.626710845406396e-05,1.315650312183992e-07,0.026672658201712593,0.16310797625005735,GBM01-N1-300-N2-200,300,200,25200,1000,400,S03,screen,0.0,3000,2961
0.015001820527175724,2.8656272602524916e-05,3.740946129175928e-05,6.090666201750766e-08,0.01506803331908304,0.12255132617635436,GBM01-N1-300-N2-200,300,200,25200,1000,400,S04,screen,0.0,3000,2966
0.022059041923537352,4.3748602416822517e-05,5.513591349140087e-05,3.3181111311429414e-07,0.022157946389961693,0.1486497060851923,GBM01-N1-300-N2-200,300,200,25200,1000,400,S05,screen,0.0,3000,2968
0.027671372265329206,5.311580923123715e-05,6.920268386728353e-05,2.011774875991426e-07,0.02779365622880982,0.16648068875864241,GBM01-N1-300-N2-200,300,200,25200,1000,400,S06,screen,0.0,3000,2966
0.027711929724056866,5.311822236904988e-05,6.923729205826959e-05,2.221442892833445e-07,0.027834349395037115,0.16659485586674988,GBM01-N1-300-N2-200,300,200,25200,1000,400,S07,screen,0.0,3000,2972
0.032815752445375254,6.143498710979352e-05,8.203493590982076e-05,1.1964083548555043e-07,0.0329592321718301,0.1812906422133329,GBM01-N1-300-N2-200,300,200,25200,1000,400,S08,screen,0.0,3000,2967
0.025910614287462292,5.021777336958062e-05,6.467981275603875e-05,-5.10095153287964e-07,0.026025657728528346,0.16109050312858417,GBM01-N1-300-N2-200,300,200,25200,1000,400,S09,screen,0.0,3000,2783
0.023208049810847283,5.284769785210262e-05,7.729930706166407e-05,9.304231862875822e-08,0.02333826877833517,0.15248069365713807,GBM01-N1-400-N2-150,400,150,25200,1100,300,S01,screen,0.0,3000,2968
0.022671879239514022,5.2119524688695446e-05,7.576625333629102e-05,1.3303285519117779e-08,0.022799512008205902,0.15072871152921954,GBM01-N1-400-N2-150,400,150,25200,1100,300,S02,screen,0.0,3000,2966
0.0265742853996231,6.176563022054227e-05,8.860860113313505e-05,7.618283366797659e-08,0.026724615742620386,0.16320205021471879,GBM01-N1-400-N2-150,400,150,25200,1100,300,S03,screen,0.0,3000,2971
0.014973635462532634,3.2291831271182395e-05,4.9806785320360035e-05,2.9262357573696592e-08,0.015055865810797998,0.12242339064309209,GBM01-N1-400-N2-150,400,150,25200,1100,300,S04,screen,0.0,3000,2970
0.021997668715562947,5.025373643187921e-05,7.346458707665458e-05,2.5660713903214714e-07,0.022121197653890957,0.14845465972680985,GBM01-N1-400-N2-150,400,150,25200,1100,300,S05,screen,0.0,3000,2972
0.02758666670463344,5.99016542349689e-05,9.211437824527534e-05,5.668167621117851e-08,0.027738470747957548,0.1662343841466601,GBM01-N1-400-N2-150,400,150,25200,1100,300,S06,screen,0.0,3000,2968
0.027660793212502154,5.985697233325155e-05,9.197083300158477e-05,2.0312343654927808e-07,0.027812918511428635,0.16645200125438575,GBM01-N1-400-N2-150,400,150,25200,1100,300,S07,screen,0.0,3000,2969
0.03287405355978911,6.854189155801458e-05,0.0001094724247838525,2.668197516992543e-07,0.03305220411854353,0.18145782031510135,GBM01-N1-400-N2-150,400,150,25200,1100,300,S08,screen,0.0,3000,2963
0.025876213042701515,5.6958014374723524e-05,8.61530305512548e-05,-6.092913485519294e-07,0.02601945403075898,0.161005906777821,GBM01-N1-400-N2-150,400,150,25200,1100,300,S09,screen,0.0,3000,2739
0.023245016934696962,4.307536529131873e-05,5.807281821420995e-05,8.813828023199237e-08,0.023346222867549712,0.15258911648727203,GBM01-N1-400-N2-200,400,200,28800,1200,400,S01,screen,0.0,3000,2971
0.022702448814657824,4.24360250471262e-05,5.69092968454205e-05,2.230022251661853e-08,0.022801564963144415,0.1507982094852254,GBM01-N1-400-N2-200,400,200,28800,1200,400,S02,screen,0.0,3000,2963
0.02661007912667722,5.011969995853344e-05,6.643057920789783e-05,-2.794210572143558e-08,0.026726770239669437,0.16327105642477466,GBM01-N1-400-N2-200,400,200,28800,1200,400,S03,screen,0.0,3000,2969
0.014881927727506494,2.6557185306806588e-05,3.730813197050159e-05,-5.4282898416831734e-08,0.01494564589262562,0.1220442444160513,GBM01-N1-400-N2-200,400,200,28800,1200,400,S04,screen,0.0,3000,2974
0.022020147939793712,4.0968477539227825e-05,5.5182897296913354e-05,2.330404182467569e-07,0.022116104072359383,0.1485104715054702,GBM01-N1-400-N2-200,400,200,28800,1200,400,S05,screen,0.0,3000,2971
0.027678843887857702,4.930681296560961e-05,6.919525075614769e-05,1.0778440895143831e-07,0.027797348778567908,0.16648965261842816,GBM01-N1-400-N2-200,400,200,28800,1200,400,S06,screen,0.0,3000,2960
0.02763614326430367,4.925600531456097e-05,6.916167862082484e-05,1.1512622546435233e-07,0.027754463171697816,0.16636173256992295,GBM01-N1-400-N2-200,400,200,28800,1200,400,S07,screen,0.0,3000,2975
0.03283551462116953,5.667419494021424e-05,8.200286372275898e-05,3.0996729133390143e-07,0.032974308544615576,0.1813185017789754,GBM01-N1-400-N2-200,400,200,28800,1200,400,S08,screen,0.0,3000,2967
0.025852314225310466,4.667408043953933e-05,6.459820002166069e-05,-4.642895048693628e-07,0.025963631188024753,0.16090285527865153,GBM01-N1-400-N2-200,400,200,28800,1200,400,S09,screen,0.0,3000,2702
